Time,header.seq,header.stamp.secs,header.stamp.nsecs,header.frame_id,pose.position.x,pose.position.y,pose.position.z,pose.orientation.x,pose.orientation.y,pose.orientation.z,pose.orientation.w
1664287063.7503424,142637,1664287063,750108038,world,0.15766122937202454,0.7114067673683167,0.9152880311012268,0.15438273549079895,-0.9869977235794067,0.04327670484781265,-0.011342767626047134
1664287063.760372,142638,1664287063,760104095,world,0.15762165188789368,0.7113093137741089,0.9153395891189575,0.15453368425369263,-0.9869922399520874,0.042900748550891876,-0.01118682511150837
1664287063.770339,142639,1664287063,770115582,world,0.15764781832695007,0.7113399505615234,0.9152914881706238,0.15424145758152008,-0.9870408773422241,0.04280228540301323,-0.011305081658065319
1664287063.7803319,142640,1664287063,780103617,world,0.15761244297027588,0.7112976908683777,0.9152842164039612,0.15440337359905243,-0.9870089888572693,0.042938780039548874,-0.011371719650924206
1664287063.790346,142641,1664287063,790105464,world,0.1576949656009674,0.7109256386756897,0.9154278039932251,0.15320496261119843,-0.9872110486030579,0.04280828684568405,-0.010498333722352982
1664287063.7904067,142642,1664287063,790144751,world,0.15760096907615662,0.7114081978797913,0.9152224063873291,0.15525932610034943,-0.9869298934936523,0.041794463992118835,-0.010825415141880512
1664287063.800349,142643,1664287063,800104625,world,0.15765124559402466,0.7108827829360962,0.9155181646347046,0.15353965759277344,-0.9871758818626404,0.04247468709945679,-0.010261893272399902
1664287063.810332,142644,1664287063,810108946,world,0.1575895994901657,0.7113499641418457,0.9152944684028625,0.15443667769432068,-0.9870021939277649,0.04297875612974167,-0.011356391943991184
1664287063.8203964,142645,1664287063,820108182,world,0.1575852334499359,0.7113756537437439,0.9152855277061462,0.15437394380569458,-0.9870113730430603,0.04300651326775551,-0.01130677293986082
1664287063.8303456,142646,1664287063,830107072,world,0.15751010179519653,0.7118353843688965,0.9151754975318909,0.15007822215557098,-0.9878220558166504,0.03960570693016052,-0.010745679959654808
1664287063.8403563,142647,1664287063,840106088,world,0.1575322151184082,0.71186363697052,0.9151967763900757,0.1498737782239914,-0.9878550171852112,0.03955245390534401,-0.010769442655146122
1664287063.8404427,142648,1664287063,840143531,world,0.15764278173446655,0.7114270925521851,0.9152982831001282,0.1542239487171173,-0.9870284199714661,0.04315396398305893,-0.011297185905277729
1664287063.8503697,142649,1664287063,850107231,world,0.1577361673116684,0.7116751670837402,0.9152374863624573,0.1542501598596573,-0.9869794249534607,0.04406794533133507,-0.011688468977808952
1664287063.8603642,142650,1664287063,860106395,world,0.15763288736343384,0.7113739848136902,0.9153236150741577,0.15464375913143158,-0.9869550466537476,0.04329773783683777,-0.011421144008636475
1664287063.8703399,142651,1664287063,870108878,world,0.15773113071918488,0.7115838527679443,0.9152891635894775,0.1542677879333496,-0.98699951171875,0.04358958452939987,-0.011550746858119965
1664287063.8803566,142652,1664287063,880107779,world,0.1577136218547821,0.711493194103241,0.915311336517334,0.1543358862400055,-0.9870023131370544,0.04328882694244385,-0.011532909236848354
1664287063.8903742,142653,1664287063,890112876,world,0.15770027041435242,0.7114471197128296,0.9152965545654297,0.15429796278476715,-0.9870119094848633,0.04325142502784729,-0.01136031560599804
1664287063.8903925,142654,1664287063,890151173,world,0.15777507424354553,0.7110274434089661,0.9152665734291077,0.15298785269260406,-0.9871924519538879,0.04404556751251221,-0.010283849202096462
1664287063.9003856,142655,1664287063,900107409,world,0.15784509479999542,0.7115761637687683,0.9148731231689453,0.15280753374099731,-0.9871692061424255,0.045221664011478424,-0.010096806101500988
1664287063.9103813,142656,1664287063,910109892,world,0.15790371596813202,0.7113672494888306,0.9149344563484192,0.15127870440483093,-0.987479567527771,0.04370427876710892,-0.009427439421415329
1664287063.9203846,142657,1664287063,920107322,world,0.15745145082473755,0.7117055058479309,0.9145621657371521,0.15732915699481964,-0.9862474203109741,0.0493607334792614,-0.01127509493380785
1664287063.9303582,142658,1664287063,930108159,world,0.15755029022693634,0.7124410271644592,0.9146460294723511,0.1506624072790146,-0.9874298572540283,0.04664620757102966,-0.01035744696855545
1664287063.9404724,142659,1664287063,940184937,world,0.15757130086421967,0.7127835154533386,0.9146865606307983,0.1512724906206131,-0.9872239828109741,0.0490717776119709,-0.00987919606268406
1664287063.9404895,142660,1664287063,940218287,world,0.15758274495601654,0.7133407592773438,0.9147217869758606,0.1523772031068802,-0.9869110584259033,0.0520041286945343,-0.009125236421823502
1664287063.950349,142661,1664287063,950104890,world,0.15732227265834808,0.7140872478485107,0.9149281978607178,0.15569692850112915,-0.9860140681266785,0.058524709194898605,-0.010473991744220257
1664287063.9603615,142662,1664287063,960106961,world,0.15741293132305145,0.7141484022140503,0.9146660566329956,0.15733781456947327,-0.9854941368103027,0.06276902556419373,-0.01030665636062622
1664287063.9703727,142663,1664287063,970113987,world,0.15741664171218872,0.7144572138786316,0.9146862030029297,0.1571909338235855,-0.9853652119636536,0.06513742357492447,-0.01017542090266943
1664287063.9803698,142664,1664287063,980091797,world,0.1574096828699112,0.7145150899887085,0.9146961569786072,0.15668655931949615,-0.9854236841201782,0.06548374146223068,-0.010075939819216728
1664287063.9903586,142665,1664287063,990094604,world,0.15737418830394745,0.7145130038261414,0.9146541953086853,0.15545116364955902,-0.9856953024864197,0.06435132771730423,-0.00993543490767479
1664287063.9903793,142666,1664287063,990132966,world,0.15749160945415497,0.7141411900520325,0.9148095846176147,0.1569443941116333,-0.9855578541755676,0.06299353390932083,-0.00872720219194889
1664287064.00035,142667,1664287064,106065,world,0.1574181169271469,0.7142765522003174,0.9146360158920288,0.1559668332338333,-0.9856946468353271,0.06306911259889603,-0.010137265548110008
1664287064.0103407,142668,1664287064,10096662,world,0.1573246419429779,0.7143512964248657,0.9145130515098572,0.15840007364749908,-0.9851536154747009,0.06533762067556381,-0.01062727440148592
1664287064.020341,142669,1664287064,20095732,world,0.15735241770744324,0.7144269347190857,0.9146164059638977,0.15987415611743927,-0.9848760366439819,0.06585574150085449,-0.011066678911447525
1664287064.0303702,142670,1664287064,30092337,world,0.157369464635849,0.7146235704421997,0.9147123694419861,0.16131053864955902,-0.9845972061157227,0.06635554879903793,-0.0120171420276165
1664287064.0404167,142671,1664287064,40096257,world,0.1574081927537918,0.7141492366790771,0.9146937727928162,0.1658303588628769,-0.9836177825927734,0.06994229555130005,-0.010225111618638039
1664287064.0404382,142672,1664287064,40134968,world,0.15717639029026031,0.7147943377494812,0.9149681329727173,0.17203983664512634,-0.9826520085334778,0.06813759356737137,-0.012439006008207798
1664287064.0503728,142673,1664287064,50093582,world,0.15712407231330872,0.7149854302406311,0.915020227432251,0.17698055505752563,-0.9817333817481995,0.06854843348264694,-0.013365233317017555
1664287064.0603898,142674,1664287064,60110235,world,0.157293900847435,0.7147473096847534,0.914796769618988,0.18061599135398865,-0.9808598756790161,0.07160809636116028,-0.012805687263607979
1664287064.070339,142675,1664287064,70093540,world,0.1574590504169464,0.7152010202407837,0.9144489765167236,0.18390387296676636,-0.9800630211830139,0.07345869392156601,-0.01611826941370964
1664287064.0803738,142676,1664287064,80090674,world,0.15679782629013062,0.7156506776809692,0.9147114753723145,0.19894447922706604,-0.9772955775260925,0.07064564526081085,-0.017991429194808006
1664287064.0903478,142677,1664287064,90090594,world,0.15825213491916656,0.7154610753059387,0.9148317575454712,0.19435228407382965,-0.9781650900840759,0.07046451419591904,-0.02133527211844921
1664287064.0903835,142678,1664287064,90128819,world,0.15882928669452667,0.7160540223121643,0.9153842329978943,0.20038221776485443,-0.977266252040863,0.06424053758382797,-0.025902817025780678
1664287064.1003373,142679,1664287064,100092868,world,0.1599770039319992,0.715659499168396,0.9151690006256104,0.20443277060985565,-0.976128876209259,0.06695299595594406,-0.029952337965369225
1664287064.1103315,142680,1664287064,110096220,world,0.16155612468719482,0.7158568501472473,0.9161273241043091,0.2115243822336197,-0.9748753905296326,0.06042245775461197,-0.03499523177742958
1664287064.1203701,142681,1664287064,120091618,world,0.16329017281532288,0.7153252363204956,0.9163309335708618,0.21413469314575195,-0.9740394353866577,0.06278829276561737,-0.03809571638703346
1664287064.1303647,142682,1664287064,130091999,world,0.16526944935321808,0.7160773277282715,0.9169676303863525,0.2142585664987564,-0.9739489555358887,0.058289770036935806,-0.04603290930390358
1664287064.1403747,142683,1664287064,140108139,world,0.16734716296195984,0.7158443927764893,0.9176155924797058,0.21588896214962006,-0.9733562469482422,0.05707702785730362,-0.05207618325948715
1664287064.1404064,142684,1664287064,140146060,world,0.1694570928812027,0.7156531810760498,0.9178978204727173,0.2195751965045929,-0.9721425771713257,0.05818799510598183,-0.05778989940881729
1664287064.150347,142685,1664287064,150109176,world,0.17261457443237305,0.714846134185791,0.9194561243057251,0.21629078686237335,-0.9727818369865417,0.05150989443063736,-0.06527409702539444
1664287064.1603835,142686,1664287064,160101028,world,0.17563238739967346,0.7143748998641968,0.9201568961143494,0.21813441812992096,-0.9719962477684021,0.048738859593868256,-0.07256188243627548
1664287064.1703832,142687,1664287064,170094394,world,0.17868664860725403,0.7133138179779053,0.9212646484375,0.22501425445079803,-0.9701270461082458,0.046003300696611404,-0.07813987135887146
1664287064.1803358,142688,1664287064,180091380,world,0.18200808763504028,0.7126706838607788,0.9221954345703125,0.2257906049489975,-0.9699344038963318,0.03768067806959152,-0.08262001723051071
1664287064.190404,142689,1664287064,190105763,world,0.18555428087711334,0.7110044360160828,0.9227570295333862,0.23320382833480835,-0.9675649404525757,0.037507519125938416,-0.08959583193063736
1664287064.190429,142690,1664287064,190143967,world,0.18925616145133972,0.7092854380607605,0.9242297410964966,0.2403172105550766,-0.9660274982452393,0.030929798260331154,-0.08989967405796051
1664287064.200361,142691,1664287064,200091651,world,0.19317762553691864,0.706841766834259,0.9249469637870789,0.24839183688163757,-0.9634907841682434,0.031127406284213066,-0.09496407210826874
1664287064.2103384,142692,1664287064,210093879,world,0.19725929200649261,0.704304575920105,0.9266108870506287,0.255460262298584,-0.9618270993232727,0.026873400434851646,-0.09437470883131027
1664287064.220393,142693,1664287064,220113329,world,0.20170074701309204,0.7009117007255554,0.9273834228515625,0.263538122177124,-0.9592693448066711,0.0330839641392231,-0.09620627760887146
1664287064.2303581,142694,1664287064,230108539,world,0.20612451434135437,0.6975580453872681,0.9287331104278564,0.2713843584060669,-0.9570900201797485,0.03266614302992821,-0.09624006599187851
1664287064.2403703,142695,1664287064,240093082,world,0.21047160029411316,0.6941594481468201,0.9306996464729309,0.2814347743988037,-0.9546050429344177,0.028556225821375847,-0.0933179259300232
1664287064.2503853,142696,1664287064,250109712,world,0.2155667543411255,0.6899784207344055,0.9321945309638977,0.29202181100845337,-0.9517032504081726,0.03044399805366993,-0.08976302295923233
1664287064.2504148,142697,1664287064,250147793,world,0.22049199044704437,0.6857669353485107,0.9337716102600098,0.30242103338241577,-0.9486306309700012,0.03211688995361328,-0.08723614364862442
1664287064.2603567,142698,1664287064,260099427,world,0.22573350369930267,0.6807969212532043,0.93522709608078,0.31606361269950867,-0.9441889524459839,0.03666599094867706,-0.08524511009454727
1664287064.2703848,142699,1664287064,270130458,world,0.23143386840820312,0.6752787232398987,0.9370778799057007,0.3291143774986267,-0.9398058652877808,0.04203801229596138,-0.0817403644323349
1664287064.2803557,142700,1664287064,280106774,world,0.23721641302108765,0.6699205040931702,0.9383185505867004,0.3415360152721405,-0.9350849986076355,0.05124761164188385,-0.07964333146810532
1664287064.2904017,142701,1664287064,290108020,world,0.2431507557630539,0.6641751527786255,0.9400345683097839,0.3543456494808197,-0.9301092028617859,0.06157321110367775,-0.07446359097957611
1664287064.29043,142702,1664287064,290146666,world,0.24990980327129364,0.658430278301239,0.9417917728424072,0.362278014421463,-0.9268198013305664,0.06644286960363388,-0.07311072945594788
1664287064.3003552,142703,1664287064,300107417,world,0.25656038522720337,0.652481198310852,0.9432780146598816,0.37207114696502686,-0.9223325252532959,0.07777317613363266,-0.06940636783838272
1664287064.3103383,142704,1664287064,310108026,world,0.2634008824825287,0.6472747325897217,0.9449508190155029,0.38014087080955505,-0.9183067083358765,0.08744775503873825,-0.06751852482557297
1664287064.3203883,142705,1664287064,320109096,world,0.27045103907585144,0.6419243812561035,0.9467522501945496,0.3889840841293335,-0.9137052297592163,0.0969051644206047,-0.06665957719087601
1664287064.3303423,142706,1664287064,330107916,world,0.27783676981925964,0.6368957757949829,0.9484379291534424,0.39775893092155457,-0.9090900421142578,0.1044207513332367,-0.06663013994693756
1664287064.3403761,142707,1664287064,340109892,world,0.28538912534713745,0.6319580674171448,0.9501705169677734,0.40733039379119873,-0.9039357304573059,0.11168234795331955,-0.06715209782123566
1664287064.3404765,142708,1664287064,340147936,world,0.2931859493255615,0.6270506978034973,0.9518916606903076,0.4178801476955414,-0.8980550169944763,0.11851593106985092,-0.06947899609804153
1664287064.3503363,142709,1664287064,350104726,world,0.301432341337204,0.622173011302948,0.9538792371749878,0.42786309123039246,-0.8927328586578369,0.12164939194917679,-0.07185137271881104
1664287064.360375,142710,1664287064,360108853,world,0.30974769592285156,0.6176180839538574,0.9554102420806885,0.4403536021709442,-0.8856789469718933,0.12639616429805756,-0.07540249079465866
1664287064.3703544,142711,1664287064,370090897,world,0.31785818934440613,0.6132545471191406,0.956754207611084,0.45125141739845276,-0.8788366913795471,0.13380880653858185,-0.07818841934204102
1664287064.3803563,142712,1664287064,380108758,world,0.32624658942222595,0.6088632345199585,0.9582417607307434,0.46185895800590515,-0.8718280792236328,0.14051881432533264,-0.08280429989099503
1664287064.3903716,142713,1664287064,390097471,world,0.33454248309135437,0.604846715927124,0.9593870639801025,0.4715946912765503,-0.8651414513587952,0.14647535979747772,-0.08760035037994385
1664287064.4003997,142714,1664287064,400106382,world,0.3430119752883911,0.6014090180397034,0.9602278470993042,0.47826990485191345,-0.8593873381614685,0.15562133491039276,-0.09215929359197617
1664287064.4004476,142715,1664287064,400144486,world,0.3512236773967743,0.5978095531463623,0.9612253904342651,0.48389407992362976,-0.8538557887077332,0.16503670811653137,-0.09767208248376846
1664287064.4104013,142716,1664287064,410130541,world,0.3595988154411316,0.5944986939430237,0.962236225605011,0.4853995442390442,-0.8504619598388672,0.17275398969650269,-0.10610383749008179
1664287064.420397,142717,1664287064,420130692,world,0.36375418305397034,0.5893742442131042,0.9639317989349365,0.5275998711585999,-0.8251631259918213,0.17574837803840637,-0.09928180277347565
1664287064.430381,142718,1664287064,430107668,world,0.37462055683135986,0.5878785252571106,0.9643365144729614,0.4978333115577698,-0.8383916616439819,0.18979281187057495,-0.11506634205579758
1664287064.4404156,142719,1664287064,440111317,world,0.3828507661819458,0.5854748487472534,0.9646124839782715,0.498136967420578,-0.8345162272453308,0.20256812870502472,-0.12003549188375473
1664287064.4404376,142720,1664287064,440149992,world,0.3899393081665039,0.5823401808738708,0.9658928513526917,0.5082668662071228,-0.8264027237892151,0.20708367228507996,-0.12585631012916565
1664287064.4503582,142721,1664287064,450103755,world,0.3981289565563202,0.5801470875740051,0.9663130044937134,0.5060507655143738,-0.823843777179718,0.21855071187019348,-0.13202130794525146
1664287064.460356,142722,1664287064,460107625,world,0.4058513641357422,0.5775420069694519,0.9669058322906494,0.5090881586074829,-0.8181092143058777,0.22864702343940735,-0.13873490691184998
1664287064.4703927,142723,1664287064,470136538,world,0.413316011428833,0.574321985244751,0.9674151539802551,0.5163421034812927,-0.8092373609542847,0.2401336133480072,-0.1444351077079773
1664287064.4803526,142724,1664287064,480107405,world,0.42095640301704407,0.5721728205680847,0.967688798904419,0.5164884924888611,-0.8040728569030762,0.2532137632369995,-0.15029790997505188
1664287064.4904008,142725,1664287064,490108074,world,0.428374707698822,0.5696054100990295,0.9683572053909302,0.5206656455993652,-0.7963776588439941,0.264784038066864,-0.15677832067012787
1664287064.4904296,142726,1664287064,490146399,world,0.43578073382377625,0.5675549507141113,0.9687358140945435,0.5236354470252991,-0.7892869114875793,0.27607491612434387,-0.16314081847667694
1664287064.500413,142727,1664287064,500114432,world,0.44291210174560547,0.5655317902565002,0.9693523645401001,0.5245080590248108,-0.7842360734939575,0.2839217782020569,-0.17103664577007294
1664287064.5103796,142728,1664287064,510111661,world,0.4500667154788971,0.5635330080986023,0.9696298837661743,0.5249027609825134,-0.7791435122489929,0.293768972158432,-0.17638731002807617
1664287064.5203764,142729,1664287064,520106988,world,0.45691829919815063,0.5617176294326782,0.9698744416236877,0.5250239968299866,-0.7742241024971008,0.30284082889556885,-0.1822483390569687
1664287064.5303805,142730,1664287064,530107272,world,0.46371665596961975,0.560160219669342,0.9697861075401306,0.5240457653999329,-0.769879162311554,0.31236445903778076,-0.18732529878616333
1664287064.5403874,142731,1664287064,540109429,world,0.4702165722846985,0.558603048324585,0.9699262976646423,0.5254248976707458,-0.7665323615074158,0.3146682679653168,-0.19323788583278656
1664287064.5404189,142732,1664287064,540147950,world,0.4763450622558594,0.556860089302063,0.9698769450187683,0.5290004014968872,-0.7601038217544556,0.3231983780860901,-0.19479124248027802
1664287064.550344,142733,1664287064,550105020,world,0.48236575722694397,0.5554037690162659,0.9696603417396545,0.5296221971511841,-0.7565845251083374,0.3288777768611908,-0.19728107750415802
1664287064.5603426,142734,1664287064,560106228,world,0.4882356822490692,0.5539981126785278,0.9692984223365784,0.5309977531433105,-0.7532027363777161,0.3331967294216156,-0.19926638901233673
1664287064.5703495,142735,1664287064,570110172,world,0.4938170313835144,0.5527205467224121,0.9686793684959412,0.5325335264205933,-0.7499536871910095,0.33785927295684814,-0.199571430683136
1664287064.580364,142736,1664287064,580107134,world,0.49917808175086975,0.5518471598625183,0.9685239195823669,0.5329017043113708,-0.7493355870246887,0.33720332384109497,-0.2020045965909958
1664287064.5903857,142737,1664287064,590107808,world,0.5042344331741333,0.5502970218658447,0.9672478437423706,0.5350484848022461,-0.7455959320068359,0.3439851999282837,-0.19870629906654358
1664287064.590402,142738,1664287064,590146120,world,0.5088253617286682,0.5497660636901855,0.966437041759491,0.541781485080719,-0.7421175837516785,0.3417927026748657,-0.19726167619228363
1664287064.600392,142739,1664287064,600108229,world,0.5134307742118835,0.5488485097885132,0.9653393030166626,0.5431941747665405,-0.7404953241348267,0.34299910068511963,-0.19737878441810608
1664287064.6103935,142740,1664287064,610111447,world,0.517775297164917,0.548130452632904,0.9643311500549316,0.5460394024848938,-0.7394498586654663,0.34192150831222534,-0.1953064650297165
1664287064.6203914,142741,1664287064,620133844,world,0.5219365954399109,0.5475227236747742,0.9631492495536804,0.5472672581672668,-0.7388864755630493,0.34189146757125854,-0.19405041635036469
1664287064.6303303,142742,1664287064,630107054,world,0.5257577896118164,0.5468886494636536,0.9618462920188904,0.5484553575515747,-0.7389581203460693,0.34016504883766174,-0.19345642626285553
1664287064.6404305,142743,1664287064,640108442,world,0.5293934345245361,0.5463691353797913,0.9604185223579407,0.5514284372329712,-0.7378908395767212,0.3396647274494171,-0.18992573022842407
1664287064.6404552,142744,1664287064,640146781,world,0.5330286026000977,0.5460122227668762,0.9588963389396667,0.5535220503807068,-0.737899899482727,0.3372722864151001,-0.188054621219635
1664287064.6503482,142745,1664287064,650105743,world,0.5364505648612976,0.5456982851028442,0.9572800397872925,0.5560523271560669,-0.7374948859214783,0.33490824699401855,-0.1863963007926941
1664287064.660357,142746,1664287064,660091374,world,0.5397965312004089,0.5454845428466797,0.9557123184204102,0.5579739212989807,-0.7377057075500488,0.33216923475265503,-0.18471363186836243
1664287064.67034,142747,1664287064,670103412,world,0.543001115322113,0.545329213142395,0.9541856646537781,0.5602138042449951,-0.7379173636436462,0.3289134204387665,-0.18290553987026215
1664287064.6803565,142748,1664287064,680095033,world,0.5460700392723083,0.5453456044197083,0.9525887966156006,0.562275230884552,-0.7375465035438538,0.3267146348953247,-0.1820146143436432
1664287064.6903996,142749,1664287064,690130186,world,0.5493177175521851,0.5450169444084167,0.9508619904518127,0.5632302165031433,-0.7367111444473267,0.32756760716438293,-0.18090884387493134
1664287064.6904209,142750,1664287064,690163386,world,0.5521409511566162,0.5452438592910767,0.9493616819381714,0.5646401643753052,-0.7365490794181824,0.3255070447921753,-0.18089282512664795
1664287064.7003448,142751,1664287064,700105728,world,0.5545190572738647,0.5458140969276428,0.9483602046966553,0.5667256116867065,-0.7375701665878296,0.31889039278030396,-0.18199270963668823
1664287064.7103295,142752,1664287064,710095856,world,0.5571979880332947,0.5460978746414185,0.9469054937362671,0.5674494504928589,-0.7374451756477356,0.317627489566803,-0.1824517846107483
1664287064.7204077,142753,1664287064,720132563,world,0.5597537159919739,0.5465048551559448,0.9455552101135254,0.5682104825973511,-0.7375948429107666,0.31541743874549866,-0.18330982327461243
1664287064.730365,142754,1664287064,730106546,world,0.5621998906135559,0.5469821095466614,0.9442815780639648,0.5692610740661621,-0.7374110817909241,0.31342417001724243,-0.1842067390680313
1664287064.7404025,142755,1664287064,740106464,world,0.5645657777786255,0.547636091709137,0.9429717063903809,0.5702304244041443,-0.7372179627418518,0.31159499287605286,-0.18508286774158478
1664287064.7404337,142756,1664287064,740144473,world,0.5668500661849976,0.5484208464622498,0.9416143894195557,0.5708494782447815,-0.7370340824127197,0.31044551730155945,-0.18583646416664124
1664287064.7503846,142757,1664287064,750108369,world,0.5690868496894836,0.5492143630981445,0.9404340386390686,0.5724377036094666,-0.736725389957428,0.3074184060096741,-0.1872025430202484
1664287064.7603817,142758,1664287064,760107230,world,0.571336567401886,0.5500830411911011,0.939165472984314,0.5718485713005066,-0.7370969653129578,0.3069707453250885,-0.18827208876609802
1664287064.7703648,142759,1664287064,770108812,world,0.5733343958854675,0.5510237216949463,0.9379618763923645,0.5713201761245728,-0.7374210953712463,0.3066224455833435,-0.18917199969291687
1664287064.7803805,142760,1664287064,780105368,world,0.5751656293869019,0.5522670149803162,0.9365628957748413,0.5718065500259399,-0.7374857068061829,0.3044701814651489,-0.1909189373254776
1664287064.790413,142761,1664287064,790108153,world,0.5769780278205872,0.5534856915473938,0.9350830912590027,0.5704012513160706,-0.7381352782249451,0.30428773164749146,-0.1928931474685669
1664287064.7904365,142762,1664287064,790146831,world,0.578479528427124,0.5548778772354126,0.9333892464637756,0.5691206455230713,-0.7385011911392212,0.3036370873451233,-0.19627080857753754
1664287064.8003857,142763,1664287064,800106420,world,0.5801734924316406,0.5564309358596802,0.9318168759346008,0.5685005187988281,-0.7397057414054871,0.301292359828949,-0.1971433311700821
1664287064.8103526,142764,1664287064,810109126,world,0.5816181302070618,0.5580441951751709,0.9301344752311707,0.5678221583366394,-0.7407044172286987,0.2987228333950043,-0.1992478221654892
1664287064.8203797,142765,1664287064,820102720,world,0.5828964710235596,0.5598039031028748,0.9282247424125671,0.5670756697654724,-0.741478681564331,0.29665935039520264,-0.20156340301036835
1664287064.8303645,142766,1664287064,830105659,world,0.5841622948646545,0.5617968440055847,0.9261165857315063,0.565600574016571,-0.7427165508270264,0.294461727142334,-0.20435379445552826
1664287064.8404152,142767,1664287064,840105890,world,0.5852482318878174,0.5638461112976074,0.9238516688346863,0.5635705590248108,-0.7441487908363342,0.2926280200481415,-0.20736375451087952
1664287064.840447,142768,1664287064,840144139,world,0.5863467454910278,0.5660626888275146,0.9215166568756104,0.5619968771934509,-0.7456178069114685,0.28998681902885437,-0.21005086600780487
1664287064.8503654,142769,1664287064,850105568,world,0.5873911380767822,0.5683257579803467,0.919012188911438,0.5596411824226379,-0.7474839091300964,0.287868469953537,-0.21260596811771393
1664287064.860377,142770,1664287064,860104688,world,0.588363766670227,0.570694088935852,0.9165202975273132,0.5579331517219543,-0.7488957047462463,0.2857462763786316,-0.21497660875320435
1664287064.870341,142771,1664287064,870105353,world,0.5893725156784058,0.5733970999717712,0.9136912822723389,0.5562861561775208,-0.7503959536552429,0.28331056237220764,-0.21722538769245148
1664287064.8803852,142772,1664287064,880107072,world,0.5904225707054138,0.575944721698761,0.9110895395278931,0.5540326833724976,-0.7523989081382751,0.28057530522346497,-0.2195933312177658
1664287064.8904064,142773,1664287064,890103883,world,0.5918024182319641,0.5784808397293091,0.9078576564788818,0.5498135685920715,-0.7539416551589966,0.2828003466129303,-0.22203850746154785
1664287064.8904347,142774,1664287064,890142751,world,0.5928415060043335,0.5814970135688782,0.9049527645111084,0.5483320951461792,-0.7556719779968262,0.2793666124343872,-0.22415658831596375
1664287064.900355,142775,1664287064,900106978,world,0.593848705291748,0.5847192406654358,0.9018330574035645,0.5461034774780273,-0.7575982809066772,0.2764885425567627,-0.22664928436279297
1664287064.9103131,142776,1664287064,910080165,world,0.5948428511619568,0.5881051421165466,0.8986889123916626,0.5435970425605774,-0.7597155570983887,0.2730717658996582,-0.229709193110466
1664287064.9203439,142777,1664287064,920105032,world,0.5957536697387695,0.5916540622711182,0.895508885383606,0.5422967672348022,-0.7611883282661438,0.26857662200927734,-0.23318026959896088
1664287064.9303396,142778,1664287064,930106015,world,0.596863329410553,0.5953042507171631,0.8921136260032654,0.5398272275924683,-0.762630820274353,0.2655404806137085,-0.23763254284858704
1664287064.9404035,142779,1664287064,940104857,world,0.597773551940918,0.5991167426109314,0.888980507850647,0.5396146774291992,-0.7638441324234009,0.2593923509120941,-0.2409849464893341
1664287064.940437,142780,1664287064,940143117,world,0.5983653664588928,0.6034379601478577,0.8863288164138794,0.5400907397270203,-0.7649859189987183,0.2480882704257965,-0.24809442460536957
1664287064.9503636,142781,1664287064,950105201,world,0.5994259715080261,0.607463002204895,0.8829602003097534,0.5404874682426453,-0.7651849985122681,0.24274757504463196,-0.25187060236930847
1664287064.9603496,142782,1664287064,960106136,world,0.6009432673454285,0.6112263798713684,0.8788333535194397,0.5399897694587708,-0.7648470997810364,0.24379810690879822,-0.2529478073120117
1664287064.9703522,142783,1664287064,970111276,world,0.6018451452255249,0.6158604025840759,0.8760243058204651,0.5390951037406921,-0.7669251561164856,0.23280388116836548,-0.2588528096675873
1664287064.9802954,142784,1664287064,980104929,world,0.6027494668960571,0.6201381087303162,0.8724849820137024,0.5402703285217285,-0.7666808366775513,0.22677679359912872,-0.2624516189098358
1664287064.9903717,142785,1664287064,990110946,world,0.6037518382072449,0.6244755983352661,0.8688448071479797,0.5408471822738647,-0.7664600014686584,0.22187085449695587,-0.26607659459114075
1664287064.9903986,142786,1664287064,990150200,world,0.604852020740509,0.6284871101379395,0.8645029664039612,0.5429010391235352,-0.7644340991973877,0.2226589024066925,-0.26706185936927795
1664287065.0003448,142787,1664287065,155254,world,0.605593204498291,0.6329329013824463,0.8609221577644348,0.5440622568130493,-0.764382004737854,0.21619418263435364,-0.2701416015625
1664287065.0103254,142788,1664287065,10106838,world,0.6061711311340332,0.6378669142723083,0.8578881025314331,0.5422457456588745,-0.7667890191078186,0.20458616316318512,-0.27595043182373047
1664287065.0203357,142789,1664287065,20106605,world,0.6068329215049744,0.6424833536148071,0.8542309403419495,0.5421547889709473,-0.7674465775489807,0.19826924800872803,-0.27889660000801086
1664287065.0303416,142790,1664287065,30094285,world,0.6073694229125977,0.6470666527748108,0.8505314588546753,0.5427826642990112,-0.7676014304161072,0.19147956371307373,-0.2819763720035553
1664287065.0403442,142791,1664287065,40071125,world,0.6078119874000549,0.6517896056175232,0.8467521667480469,0.543157696723938,-0.7678611278533936,0.1859891712665558,-0.2842130661010742
1664287065.0403636,142792,1664287065,40116974,world,0.6082078218460083,0.6562931537628174,0.8432965874671936,0.543445885181427,-0.7679017782211304,0.18085186183452606,-0.2868556082248688
1664287065.050321,142793,1664287065,50073023,world,0.6083633899688721,0.6611455678939819,0.8395472764968872,0.5434227585792542,-0.7684004902839661,0.17494191229343414,-0.2892192304134369
1664287065.0603604,142794,1664287065,60085717,world,0.608460545539856,0.6660767197608948,0.8358345627784729,0.5433706641197205,-0.7692290544509888,0.1687021553516388,-0.2908172607421875
1664287065.0703,142795,1664287065,70071292,world,0.6086865663528442,0.6714569926261902,0.832133948802948,0.5400705933570862,-0.7720399498939514,0.1600317806005478,-0.2943940758705139
1664287065.080358,142796,1664287065,80112426,world,0.6080447435379028,0.6760101914405823,0.8287373185157776,0.5446360111236572,-0.7708451151847839,0.15284480154514313,-0.2929299473762512
1664287065.090372,142797,1664287065,90092604,world,0.6081530451774597,0.681339681148529,0.8248656392097473,0.5418887138366699,-0.7736382484436035,0.1480477899312973,-0.29312509298324585
1664287065.0904083,142798,1664287065,90120763,world,0.6078813672065735,0.6865220665931702,0.8212043642997742,0.5411089062690735,-0.7751636505126953,0.14146552979946136,-0.2937855124473572
1664287065.100337,142799,1664287065,100109187,world,0.6074899435043335,0.6919902563095093,0.817236065864563,0.5419497489929199,-0.7755054235458374,0.13600370287895203,-0.2939131259918213
1664287065.110416,142800,1664287065,110114384,world,0.607126772403717,0.6971455812454224,0.8137667179107666,0.5395494699478149,-0.7778612375259399,0.12942227721214294,-0.29507318139076233
1664287065.1204011,142801,1664287065,120106925,world,0.6068323850631714,0.7025302052497864,0.8101814389228821,0.5378685593605042,-0.7794930338859558,0.12428688257932663,-0.2960420250892639
1664287065.13039,142802,1664287065,130108417,world,0.6066900491714478,0.7082886099815369,0.8065526485443115,0.5341784954071045,-0.7822100520133972,0.11677733808755875,-0.2986031472682953
1664287065.1404219,142803,1664287065,140106505,world,0.6064280867576599,0.713982880115509,0.8031059503555298,0.5311533808708191,-0.7851951122283936,0.10907869040966034,-0.2990761995315552
1664287065.1404748,142804,1664287065,140144934,world,0.605937659740448,0.7196654081344604,0.799440324306488,0.5304849743843079,-0.7859765887260437,0.10369882732629776,-0.3001217842102051
1664287065.1503854,142805,1664287065,150105130,world,0.6056584119796753,0.7252820730209351,0.7962023615837097,0.528700053691864,-0.7881565690040588,0.09598661214113235,-0.3001202642917633
1664287065.1604192,142806,1664287065,160114873,world,0.605270504951477,0.7310400009155273,0.7927514910697937,0.5272624492645264,-0.7893255949020386,0.08975382894277573,-0.30150240659713745
1664287065.170426,142807,1664287065,170107263,world,0.6050268411636353,0.7367953658103943,0.789379894733429,0.5263317823410034,-0.7902655601501465,0.08494503796100616,-0.3020588159561157
1664287065.1803763,142808,1664287065,180105559,world,0.6048452854156494,0.7428841590881348,0.7857204079627991,0.5247015357017517,-0.7914595007896423,0.08107518404722214,-0.3028319180011749
1664287065.190427,142809,1664287065,190107660,world,0.6044046878814697,0.7491143345832825,0.7822051048278809,0.523216724395752,-0.7926879525184631,0.07480137795209885,-0.3038007616996765
1664287065.1904821,142810,1664287065,190146442,world,0.6042453050613403,0.7549893856048584,0.7789844274520874,0.521842896938324,-0.7934120297431946,0.07162361592054367,-0.3050368130207062
1664287065.200402,142811,1664287065,200104508,world,0.603942334651947,0.7612687945365906,0.7755328416824341,0.5193066000938416,-0.7948154211044312,0.06748480349779129,-0.3066514730453491
1664287065.2104146,142812,1664287065,210105581,world,0.6036383509635925,0.7674180865287781,0.7723340392112732,0.5158628225326538,-0.7963961362838745,0.0627611055970192,-0.30935391783714294
1664287065.2204087,142813,1664287065,220107378,world,0.6034049391746521,0.773565948009491,0.769159734249115,0.5123684406280518,-0.7980765104293823,0.05876607447862625,-0.3116070628166199
1664287065.2303648,142814,1664287065,230105942,world,0.6031102538108826,0.7798780798912048,0.7659654021263123,0.5079470872879028,-0.800213098526001,0.054051920771598816,-0.31420913338661194
1664287065.2403967,142815,1664287065,240106101,world,0.6028324365615845,0.7861520648002625,0.7628645300865173,0.5034943222999573,-0.8019928932189941,0.05003736540675163,-0.3174859583377838
1664287065.2404504,142816,1664287065,240144440,world,0.6026690006256104,0.7922736406326294,0.7600927948951721,0.4994138777256012,-0.803683876991272,0.04540019482374191,-0.3203389644622803
1664287065.2503662,142817,1664287065,250097504,world,0.6023730635643005,0.798311710357666,0.7573864459991455,0.49611133337020874,-0.8053156733512878,0.040723517537117004,-0.321996808052063
1664287065.2604003,142818,1664287065,260110109,world,0.6023336052894592,0.8045036792755127,0.7547094821929932,0.49138936400413513,-0.8074837923049927,0.035987600684165955,-0.32436320185661316
1664287065.2703993,142819,1664287065,270107906,world,0.6026387810707092,0.8117871880531311,0.7516787052154541,0.47883206605911255,-0.8116160035133362,0.0343087874352932,-0.33289992809295654
1664287065.2804008,142820,1664287065,280105336,world,0.6017599105834961,0.8172776103019714,0.748991847038269,0.4800112843513489,-0.811176598072052,0.0311849694699049,-0.33258000016212463
1664287065.290382,142821,1664287065,290106945,world,0.6021113395690918,0.8242959380149841,0.7463726997375488,0.46877428889274597,-0.8152893781661987,0.026477722451090813,-0.3388994634151459
1664287065.2904043,142822,1664287065,290145210,world,0.6014462113380432,0.8300461769104004,0.7436400651931763,0.46760761737823486,-0.8154090642929077,0.023699097335338593,-0.34042564034461975
1664287065.3003893,142823,1664287065,300118334,world,0.6010860204696655,0.8362593054771423,0.7411566972732544,0.4623311758041382,-0.817589521408081,0.019507303833961487,-0.3426612615585327
1664287065.3103325,142824,1664287065,310097396,world,0.6010205149650574,0.8427582383155823,0.7390602231025696,0.45299190282821655,-0.821777880191803,0.012259921990334988,-0.34544047713279724
1664287065.3203504,142825,1664287065,320106678,world,0.6006029844284058,0.8487589359283447,0.7368204593658447,0.44816386699676514,-0.8238769769668579,0.0076039377599954605,-0.34686902165412903
1664287065.3303494,142826,1664287065,330106769,world,0.6002486348152161,0.8548065423965454,0.734576404094696,0.4428905248641968,-0.826252818107605,0.0015216264873743057,-0.3480689823627472
1664287065.340329,142827,1664287065,340107143,world,0.5998954772949219,0.8606276512145996,0.7322658896446228,0.43883535265922546,-0.8274467587471008,-0.0015162164345383644,-0.3503616452217102
1664287065.3404694,142828,1664287065,340168665,world,0.5990282893180847,0.8657249808311462,0.7306843400001526,0.43623772263526917,-0.8281978368759155,-0.010764983482658863,-0.3516663908958435
1664287065.3503456,142829,1664287065,350103695,world,0.5988812446594238,0.8712741136550903,0.7287687659263611,0.42968320846557617,-0.8311668038368225,-0.014569981023669243,-0.35259300470352173
1664287065.3603275,142830,1664287065,360108176,world,0.5989761352539062,0.8771251440048218,0.7269684076309204,0.42313694953918457,-0.8341845870018005,-0.01625167578458786,-0.35330894589424133
1664287065.3703446,142831,1664287065,370109484,world,0.5986695885658264,0.8822829723358154,0.7253720760345459,0.4179879128932953,-0.8362815976142883,-0.020622970536351204,-0.35425129532814026
1664287065.380314,142832,1664287065,380109736,world,0.598434567451477,0.8872265219688416,0.7240041494369507,0.41284045577049255,-0.8380563259124756,-0.02505725808441639,-0.3558040261268616
1664287065.3903277,142833,1664287065,390111022,world,0.5976629257202148,0.8911274671554565,0.7218374013900757,0.41578319668769836,-0.835312008857727,-0.022939229384064674,-0.35895952582359314
1664287065.3904808,142834,1664287065,390190196,world,0.59800785779953,0.8964323997497559,0.7214906215667725,0.40355929732322693,-0.8405020833015442,-0.0313272699713707,-0.3601594865322113
1664287065.4003258,142835,1664287065,400110062,world,0.5970479846000671,0.9000467658042908,0.7204147577285767,0.40570247173309326,-0.83832186460495,-0.03645844757556915,-0.36234360933303833
1664287065.4104245,142836,1664287065,410109787,world,0.5971869230270386,0.9040716290473938,0.7198054194450378,0.39554768800735474,-0.8418077826499939,-0.04130570590496063,-0.36495959758758545
1664287065.4203358,142837,1664287065,420107234,world,0.5974538326263428,0.9083200693130493,0.7189964652061462,0.3864486813545227,-0.845371425151825,-0.04224691167473793,-0.36636027693748474
1664287065.430291,142838,1664287065,430106699,world,0.5965067148208618,0.9113028049468994,0.7186229228973389,0.38609936833381653,-0.8443348407745361,-0.04854211583733559,-0.36833372712135315
1664287065.4403713,142839,1664287065,440109309,world,0.59709632396698,0.9144598841667175,0.7180384397506714,0.3739015758037567,-0.8493709564208984,-0.049794916063547134,-0.3691709041595459
1664287065.4404964,142840,1664287065,440184696,world,0.5961336493492126,0.9161862730979919,0.717766284942627,0.3754800260066986,-0.8473761677742004,-0.05619479715824127,-0.37122848629951477
1664287065.4502907,142841,1664287065,450094584,world,0.5961397290229797,0.9184209108352661,0.7176949381828308,0.3689124882221222,-0.8497622013092041,-0.05866001546382904,-0.3719767928123474
1664287065.4603388,142842,1664287065,460108108,world,0.5961578488349915,0.9195661544799805,0.7177978157997131,0.36445799469947815,-0.8510872721672058,-0.06198403611779213,-0.3727988004684448
1664287065.47034,142843,1664287065,470114621,world,0.5962337255477905,0.9200328588485718,0.7179454565048218,0.36139070987701416,-0.8517448902130127,-0.06412041187286377,-0.37391993403434753
1664287065.4803314,142844,1664287065,480106387,world,0.5964283347129822,0.9196943044662476,0.7181552052497864,0.3593069612979889,-0.8523025512695312,-0.06462272256612778,-0.3745700418949127
1664287065.4903388,142845,1664287065,490107397,world,0.5966551303863525,0.9185945987701416,0.7186275124549866,0.3570556342601776,-0.8529482483863831,-0.06544548273086548,-0.3751099705696106
1664287065.490497,142846,1664287065,490172803,world,0.5969697833061218,0.91659015417099,0.7192869782447815,0.3549796938896179,-0.8539413809776306,-0.0647188276052475,-0.37494686245918274
1664287065.5003173,142847,1664287065,500107000,world,0.5973336696624756,0.9136632084846497,0.7200936079025269,0.35334646701812744,-0.8551256656646729,-0.06336279958486557,-0.37402093410491943
1664287065.5103035,142848,1664287065,510112936,world,0.5977717041969299,0.9097607135772705,0.7211647033691406,0.3514915704727173,-0.8564643263816833,-0.06120261922478676,-0.37306421995162964
1664287065.5203118,142849,1664287065,520106161,world,0.5987834930419922,0.9043569564819336,0.722618579864502,0.3452118933200836,-0.8595970869064331,-0.05848446488380432,-0.37215742468833923
1664287065.5303445,142850,1664287065,530108652,world,0.5992432832717896,0.8981993794441223,0.7241917848587036,0.34636881947517395,-0.8604484796524048,-0.05404242128133774,-0.36977913975715637
1664287065.5403194,142851,1664287065,540087798,world,0.5998226404190063,0.8908244371414185,0.7260207533836365,0.3487914204597473,-0.8603118062019348,-0.04637768119573593,-0.36885949969291687
1664287065.5404701,142852,1664287065,540160345,world,0.6005588173866272,0.8823447823524475,0.728435218334198,0.3491430878639221,-0.8615755438804626,-0.04046069085597992,-0.3662646412849426
1664287065.550308,142853,1664287065,550095927,world,0.6017114520072937,0.8731600046157837,0.7312589883804321,0.3455505967140198,-0.8639569282531738,-0.03135070949792862,-0.3649525046348572
1664287065.560319,142854,1664287065,560108889,world,0.6026071906089783,0.8623090386390686,0.7346076965332031,0.34431028366088867,-0.8658509254455566,-0.022272665053606033,-0.36229369044303894
1664287065.5703113,142855,1664287065,570109288,world,0.6036803722381592,0.8501531481742859,0.7385937571525574,0.3430060148239136,-0.8682145476341248,-0.014505038037896156,-0.3582457900047302
1664287065.5803137,142856,1664287065,580108041,world,0.6048396825790405,0.8366830945014954,0.7429471611976624,0.34475985169410706,-0.868658185005188,-0.0017377575859427452,-0.3557678461074829
1664287065.5903141,142857,1664287065,590110870,world,0.607085108757019,0.8222448229789734,0.7483847737312317,0.3366537392139435,-0.8732593655586243,0.009216463193297386,-0.35213252902030945
1664287065.5905213,142858,1664287065,590176171,world,0.6082990169525146,0.8056375980377197,0.7543004751205444,0.34195002913475037,-0.8732593655586243,0.021879566833376884,-0.3464241027832031
1664287065.6003227,142859,1664287065,600109580,world,0.6095076203346252,0.7876196503639221,0.7610208988189697,0.35215529799461365,-0.8710445761680603,0.03431204333901405,-0.3407207727432251
1664287065.61036,142860,1664287065,610109575,world,0.6114243865013123,0.7684665322303772,0.7688349485397339,0.3539077043533325,-0.8707018494606018,0.05109724774956703,-0.33766356110572815
1664287065.6203308,142861,1664287065,620094151,world,0.6137068867683411,0.7480283975601196,0.7777614593505859,0.35391169786453247,-0.8708833456039429,0.06786365807056427,-0.3342205882072449
1664287065.6303637,142862,1664287065,630137903,world,0.6158894896507263,0.7260259985923767,0.7880491614341736,0.3574441075325012,-0.8702793717384338,0.08250432461500168,-0.3286953866481781
1664287065.640316,142863,1664287065,640107708,world,0.6183414459228516,0.7032727003097534,0.7994775772094727,0.35742875933647156,-0.8693459630012512,0.10126098990440369,-0.3259270489215851
1664287065.640564,142864,1664287065,640182490,world,0.6212256550788879,0.679101288318634,0.8113298416137695,0.3625580072402954,-0.8645949363708496,0.12967650592327118,-0.32281792163848877
1664287065.6502848,142865,1664287065,650077502,world,0.6239831447601318,0.6542659997940063,0.8244807124137878,0.36728933453559875,-0.8596235513687134,0.15779857337474823,-0.3181911110877991
1664287065.6603305,142866,1664287065,660108390,world,0.6263453960418701,0.6283296346664429,0.8385177850723267,0.3783918619155884,-0.8523069620132446,0.18825232982635498,-0.30814531445503235
1664287065.670338,142867,1664287065,670107950,world,0.6300888061523438,0.6025099158287048,0.8544285297393799,0.3807956874370575,-0.8464775681495667,0.21059884130954742,-0.3067874014377594
1664287065.6803374,142868,1664287065,680107128,world,0.6331724524497986,0.5757151246070862,0.8716254830360413,0.39047887921333313,-0.8379193544387817,0.2360224574804306,-0.29951778054237366
1664287065.6903265,142869,1664287065,690085542,world,0.6366231441497803,0.5488033890724182,0.8892802000045776,0.4034968316555023,-0.8275222182273865,0.2616686522960663,-0.28970131278038025
1664287065.6904624,142870,1664287065,690146415,world,0.6403800249099731,0.5217058062553406,0.9078611135482788,0.41395071148872375,-0.8184805512428284,0.2828652858734131,-0.28057387471199036
1664287065.7002945,142871,1664287065,700085988,world,0.6441044211387634,0.4948345124721527,0.9266270995140076,0.4233691096305847,-0.8110190629959106,0.30018967390060425,-0.2699868977069855
1664287065.7103226,142872,1664287065,710109061,world,0.647992730140686,0.4679965078830719,0.9450753331184387,0.4308912456035614,-0.8055750727653503,0.31637483835220337,-0.2555162310600281
1664287065.7203438,142873,1664287065,720104547,world,0.6510932445526123,0.44107601046562195,0.9631341695785522,0.4423454999923706,-0.7996126413345337,0.32831010222435,-0.23908714950084686
1664287065.7303293,142874,1664287065,730104902,world,0.6549254655838013,0.41426265239715576,0.9802518486976624,0.44806164503097534,-0.7942004799842834,0.34434959292411804,-0.2234049290418625
1664287065.7403138,142875,1664287065,740106903,world,0.6576004028320312,0.38813111186027527,0.9975482225418091,0.4599921405315399,-0.7889205813407898,0.34848296642303467,-0.21111875772476196
1664287065.740478,142876,1664287065,740172011,world,0.6611407995223999,0.36165300011634827,1.0133811235427856,0.4666469395160675,-0.7833683490753174,0.3608649969100952,-0.19583433866500854
1664287065.750367,142877,1664287065,750098589,world,0.6644694805145264,0.33536699414253235,1.0287668704986572,0.4739114046096802,-0.7778841257095337,0.37107348442077637,-0.18057918548583984
1664287065.760324,142878,1664287065,760106941,world,0.6677770614624023,0.3090420067310333,1.0434627532958984,0.4802073836326599,-0.7723995447158813,0.38108029961586,-0.16606520116329193
1664287065.7703106,142879,1664287065,770110747,world,0.6709312200546265,0.282779335975647,1.0574153661727905,0.48773038387298584,-0.7656981348991394,0.3913337290287018,-0.1506095826625824
1664287065.7803264,142880,1664287065,780107511,world,0.6742558479309082,0.2564702332019806,1.0708339214324951,0.4909127950668335,-0.7613266706466675,0.4007561206817627,-0.1370439976453781
1664287065.790322,142881,1664287065,790109614,world,0.6774439215660095,0.23042474687099457,1.0833646059036255,0.49716153740882874,-0.7550010681152344,0.4099389314651489,-0.12146544456481934
1664287065.7904396,142882,1664287065,790167791,world,0.6803184747695923,0.2044532597064972,1.0955514907836914,0.5048975348472595,-0.7481526732444763,0.4172273576259613,-0.10614854842424393
1664287065.800345,142883,1664287065,800115493,world,0.6834993362426758,0.17842397093772888,1.1064149141311646,0.5096010565757751,-0.7405651807785034,0.42875292897224426,-0.08967175334692001
1664287065.8103561,142884,1664287065,810110338,world,0.68672114610672,0.15260577201843262,1.1168659925460815,0.5152574777603149,-0.7333776354789734,0.4372265040874481,-0.07416234165430069
1664287065.8203504,142885,1664287065,820105874,world,0.6898595094680786,0.12677402794361115,1.1267083883285522,0.5204377770423889,-0.7262304425239563,0.4453336298465729,-0.058412112295627594
1664287065.8303607,142886,1664287065,830109848,world,0.6929524540901184,0.10093814879655838,1.1359182596206665,0.5261197090148926,-0.718623161315918,0.45276162028312683,-0.042259860783815384
1664287065.8403945,142887,1664287065,840103457,world,0.6961877346038818,0.07534711807966232,1.1444368362426758,0.5294114351272583,-0.7122015357017517,0.46013545989990234,-0.027712317183613777
1664287065.8404179,142888,1664287065,840142641,world,0.6993441581726074,0.04964620620012283,1.1521410942077637,0.5337280631065369,-0.7044259309768677,0.46775808930397034,-0.010998721234500408
1664287065.8503578,142889,1664287065,850112032,world,0.7021838426589966,0.023861242458224297,1.1590443849563599,0.5405868887901306,-0.6945623755455017,0.4746372103691101,0.008276601321995258
1664287065.8603687,142890,1664287065,860106109,world,0.7053003907203674,-0.0018227645196020603,1.1654493808746338,0.5441430807113647,-0.6866426467895508,0.4814460575580597,0.025297414511442184
1664287065.870325,142891,1664287065,870111692,world,0.7083787322044373,-0.027439864352345467,1.1714506149291992,0.5487141013145447,-0.6787667274475098,0.48626598715782166,0.04164119437336922
1664287065.8803704,142892,1664287065,880104033,world,0.7115259766578674,-0.05297405272722244,1.176525592803955,0.5526053309440613,-0.6704180240631104,0.4917541742324829,0.05783509835600853
1664287065.8903828,142893,1664287065,890110107,world,0.7145926356315613,-0.07835842669010162,1.1809232234954834,0.5554355382919312,-0.6626356840133667,0.4968195855617523,0.07467050850391388
1664287065.8904061,142894,1664287065,890148644,world,0.7178288698196411,-0.1038079783320427,1.1846572160720825,0.5583226680755615,-0.6536693572998047,0.502643346786499,0.09133405983448029
1664287065.9003916,142895,1664287065,900100237,world,0.7209449410438538,-0.1292157769203186,1.1876648664474487,0.5616821646690369,-0.6450986862182617,0.5066221952438354,0.10814250260591507
1664287065.910379,142896,1664287065,910109947,world,0.7240879535675049,-0.15458571910858154,1.1899479627609253,0.5648898482322693,-0.635511040687561,0.5111861228942871,0.12535543739795685
1664287065.920428,142897,1664287065,920130126,world,0.7271978855133057,-0.18002791702747345,1.1918359994888306,0.5696250796318054,-0.6254869699478149,0.514141321182251,0.14125198125839233
1664287065.9303994,142898,1664287065,930106428,world,0.7306249737739563,-0.2051287144422531,1.1926745176315308,0.5708053112030029,-0.6164050102233887,0.5180706977844238,0.16071394085884094
1664287065.9404495,142899,1664287065,940129212,world,0.7339480519294739,-0.2304520606994629,1.1931276321411133,0.5737062096595764,-0.6065693497657776,0.5204693675041199,0.17901518940925598
1664287065.9404783,142900,1664287065,940188808,world,0.7365027070045471,-0.25611448287963867,1.192305088043213,0.5787519812583923,-0.5923150777816772,0.5261403322219849,0.19335339963436127
1664287065.9504116,142901,1664287065,950128223,world,0.73973149061203,-0.2813873589038849,1.191308856010437,0.581332266330719,-0.581924319267273,0.5283284187316895,0.21044239401817322
1664287065.9604044,142902,1664287065,960099531,world,0.742855429649353,-0.30660608410835266,1.1895413398742676,0.5839000940322876,-0.5703415274620056,0.5309074521064758,0.22783438861370087
1664287065.970483,142903,1664287065,970161279,world,0.746076762676239,-0.3317832052707672,1.1871198415756226,0.5855132937431335,-0.559680700302124,0.5328803062438965,0.24488824605941772
1664287065.9804065,142904,1664287065,980111644,world,0.7493215799331665,-0.3568686246871948,1.1839418411254883,0.5869739055633545,-0.5493616461753845,0.5341250896453857,0.2614838182926178
1664287065.9904323,142905,1664287065,990110996,world,0.7524935007095337,-0.3820675015449524,1.1802743673324585,0.5897075533866882,-0.5367506146430969,0.5351497530937195,0.2788521647453308
1664287065.9904654,142906,1664287065,990149348,world,0.7556130886077881,-0.4072379171848297,1.175816297531128,0.5906912088394165,-0.5246730446815491,0.5362808704376221,0.2969931662082672
1664287066.0003722,142907,1664287066,96980,world,0.759006142616272,-0.4323084354400635,1.1707909107208252,0.5918561816215515,-0.5131871700286865,0.5365065932273865,0.3138566017150879
1664287066.0104055,142908,1664287066,10112989,world,0.7621936798095703,-0.4573834538459778,1.1649510860443115,0.5929228067398071,-0.5013259649276733,0.5360093116760254,0.33137428760528564
1664287066.0203865,142909,1664287066,20111363,world,0.7655344605445862,-0.4823766350746155,1.1583728790283203,0.5930121541023254,-0.4900389015674591,0.5360445976257324,0.34764155745506287
1664287066.0303829,142910,1664287066,30104856,world,0.7689098715782166,-0.5074198246002197,1.1512945890426636,0.5923094749450684,-0.47837892174720764,0.5363839268684387,0.3641640245914459
1664287066.0404313,142911,1664287066,40113103,world,0.7722035050392151,-0.5323695540428162,1.1434032917022705,0.5931597948074341,-0.46623367071151733,0.5346820950508118,0.3806610107421875
1664287066.0404806,142912,1664287066,40150603,world,0.7755163908004761,-0.5573274493217468,1.1349055767059326,0.5926256775856018,-0.45425423979759216,0.5338570475578308,0.3967928886413574
1664287066.0503566,142913,1664287066,50109461,world,0.7789668440818787,-0.5822126865386963,1.125612497329712,0.5910497903823853,-0.44343551993370056,0.5321698188781738,0.4133043587207794
1664287066.0604107,142914,1664287066,60111480,world,0.7823110222816467,-0.6071855425834656,1.1158307790756226,0.5889385938644409,-0.43173590302467346,0.5311821699142456,0.42965221405029297
1664287066.070412,142915,1664287066,70111864,world,0.7855764031410217,-0.6321304440498352,1.1052759885787964,0.5864329934120178,-0.4199988842010498,0.5299551486968994,0.4459204077720642
1664287066.0804086,142916,1664287066,80110298,world,0.7895315885543823,-0.6566051244735718,1.0941003561019897,0.5821083784103394,-0.41214320063591003,0.5260464549064636,0.4632094204425812
1664287066.0904334,142917,1664287066,90115220,world,0.792794406414032,-0.6815177798271179,1.0822958946228027,0.5785199403762817,-0.40156620740890503,0.5245054364204407,0.4784906506538391
1664287066.0904603,142918,1664287066,90154271,world,0.796219527721405,-0.7063525915145874,1.0696572065353394,0.5758448243141174,-0.3890562355518341,0.5216654539108276,0.494876891374588
1664287066.1004016,142919,1664287066,100104423,world,0.799382209777832,-0.7314666509628296,1.0564851760864258,0.5733190178871155,-0.37637847661972046,0.519056499004364,0.5101224184036255
1664287066.110385,142920,1664287066,110106168,world,0.8025252819061279,-0.7559157609939575,1.042385458946228,0.5660214424133301,-0.3683672547340393,0.5164880156517029,0.5264649987220764
1664287066.120406,142921,1664287066,120105815,world,0.8060078024864197,-0.781123161315918,1.0281603336334229,0.5648413300514221,-0.3526986837387085,0.5122717618942261,0.5423426628112793
1664287066.1303713,142922,1664287066,130107730,world,0.8093247413635254,-0.8058050870895386,1.0127592086791992,0.5593518614768982,-0.34072238206863403,0.5089332461357117,0.5585880875587463
1664287066.1404247,142923,1664287066,140105565,world,0.8123734593391418,-0.8307996392250061,0.997270941734314,0.5557572245597839,-0.3277137577533722,0.5047357082366943,0.573567271232605
1664287066.1404688,142924,1664287066,140144165,world,0.8157947659492493,-0.8553504943847656,0.9806079864501953,0.5485568642616272,-0.3158624470233917,0.500760555267334,0.5903855562210083
1664287066.150455,142925,1664287066,150113478,world,0.8187586069107056,-0.8800771236419678,0.9637174606323242,0.5442039370536804,-0.3035193383693695,0.4960595667362213,0.6046842932701111
1664287066.1604204,142926,1664287066,160111056,world,0.8217682838439941,-0.9047770500183105,0.9460224509239197,0.5377753376960754,-0.2925369441509247,0.4911612868309021,0.6196615695953369
1664287066.1703725,142927,1664287066,170081477,world,0.8246592283248901,-0.929405927658081,0.9276547431945801,0.5312502980232239,-0.27921196818351746,0.48547953367233276,0.6357070207595825
1664287066.1803937,142928,1664287066,180110185,world,0.827845573425293,-0.9539955854415894,0.9086462259292603,0.5234692096710205,-0.26866334676742554,0.4802454113960266,0.6505109667778015
1664287066.1903796,142929,1664287066,190083555,world,0.8307256102561951,-0.9786067605018616,0.8891130089759827,0.5160738825798035,-0.2561783790588379,0.47422903776168823,0.6656929850578308
1664287066.19043,142930,1664287066,190116785,world,0.8335666656494141,-1.0030306577682495,0.8690003752708435,0.5088019371032715,-0.24391812086105347,0.46772894263267517,0.6803339123725891
1664287066.2003798,142931,1664287066,200083385,world,0.8361923694610596,-1.0278136730194092,0.8480411767959595,0.49911901354789734,-0.23014946281909943,0.46195581555366516,0.6960662603378296
1664287066.2103448,142932,1664287066,210084586,world,0.8384154438972473,-1.0521050691604614,0.826519250869751,0.49244773387908936,-0.2152782827615738,0.45492902398109436,0.7100635170936584
1664287066.2203336,142933,1664287066,220094020,world,0.840348482131958,-1.0768296718597412,0.8042351603507996,0.48428454995155334,-0.19361308217048645,0.4474073648452759,0.7265047430992126
1664287066.2303123,142934,1664287066,230081585,world,0.8436806797981262,-1.100988507270813,0.7819505929946899,0.4724934697151184,-0.1909269392490387,0.4385911226272583,0.7402260899543762
1664287066.2403693,142935,1664287066,240082558,world,0.8462018966674805,-1.125231146812439,0.7586748003959656,0.46205851435661316,-0.17936353385448456,0.4306568205356598,0.7542315721511841
1664287066.2404354,142936,1664287066,240115327,world,0.8487046957015991,-1.1495137214660645,0.7347244024276733,0.4516960680484772,-0.16757728159427643,0.42026570439338684,0.7689377665519714
1664287066.2503302,142937,1664287066,250082701,world,0.8507866263389587,-1.173743724822998,0.710510790348053,0.44154298305511475,-0.15434496104717255,0.4114725887775421,0.782245397567749
1664287066.2603328,142938,1664287066,260086239,world,0.8530781269073486,-1.1978986263275146,0.6855790019035339,0.43008673191070557,-0.1418970674276352,0.40202274918556213,0.7957815527915955
1664287066.270353,142939,1664287066,270084884,world,0.855162501335144,-1.221912145614624,0.6600334048271179,0.41865649819374084,-0.12961214780807495,0.3922346830368042,0.8087517619132996
1664287066.280309,142940,1664287066,280085586,world,0.8572201728820801,-1.2459636926651,0.6338902711868286,0.4069761633872986,-0.1172470822930336,0.3820606768131256,0.8213726878166199
1664287066.2903216,142941,1664287066,290082898,world,0.8594147562980652,-1.2698594331741333,0.6072832345962524,0.39453187584877014,-0.10542388260364532,0.37177273631095886,0.8336759209632874
1664287066.2903504,142942,1664287066,290115790,world,0.8615890145301819,-1.2937602996826172,0.5799463391304016,0.3817644417285919,-0.0937618613243103,0.36089619994163513,0.8457059264183044
1664287066.300327,142943,1664287066,300084896,world,0.8635051846504211,-1.3175526857376099,0.5520614981651306,0.3693632483482361,-0.08141770958900452,0.34858283400535583,0.8575733304023743
1664287066.310307,142944,1664287066,310085618,world,0.865467369556427,-1.3412835597991943,0.523482620716095,0.3574668765068054,-0.07005874812602997,0.33699244260787964,0.8681851625442505
1664287066.320294,142945,1664287066,320083140,world,0.8670146465301514,-1.3647806644439697,0.49414506554603577,0.34642142057418823,-0.05751178041100502,0.3225545585155487,0.8790013194084167
1664287066.3303025,142946,1664287066,330084902,world,0.8682284951210022,-1.3885579109191895,0.4647270143032074,0.33451008796691895,-0.04159067943692207,0.3075830340385437,0.8898123502731323
1664287066.3403492,142947,1664287066,340087824,world,0.8707117438316345,-1.412003517150879,0.43418818712234497,0.32082536816596985,-0.03461824730038643,0.29920250177383423,0.8979703187942505
1664287066.3404944,142948,1664287066,340155372,world,0.8724163174629211,-1.4353259801864624,0.40333789587020874,0.3090570867061615,-0.02411392517387867,0.28543761372566223,0.9068779945373535
1664287066.3502827,142949,1664287066,350082309,world,0.8749350905418396,-1.4582717418670654,0.37237152457237244,0.2923673391342163,-0.014625409618020058,0.2802700102329254,0.9141970276832581
1664287066.3603134,142950,1664287066,360083686,world,0.8757545948028564,-1.4819917678833008,0.34009048342704773,0.28372153639793396,-0.0014652664540335536,0.25838637351989746,0.9234373569488525
1664287066.370318,142951,1664287066,370084816,world,0.877562940120697,-1.5048037767410278,0.30815765261650085,0.2709701359272003,0.00845478754490614,0.24864928424358368,0.9298802614212036
1664287066.380386,142952,1664287066,380120447,world,0.8792797923088074,-1.5271748304367065,0.27604857087135315,0.2737429141998291,0.015154821798205376,0.24008962512016296,0.9312315583229065
1664287066.3903072,142953,1664287066,390085581,world,0.8802878856658936,-1.5473006963729858,0.24714280664920807,0.31278854608535767,0.011694932356476784,0.23919881880283356,0.9191357493400574
1664287066.390486,142954,1664287066,390143773,world,0.880501389503479,-1.552139163017273,0.22744208574295044,0.26234257221221924,0.011339856311678886,0.20140059292316437,0.9436554908752441
1664287066.400305,142955,1664287066,400085747,world,0.8813918232917786,-1.5510395765304565,0.21562038362026215,0.2138778418302536,0.010617268271744251,0.17211996018886566,0.9615188241004944
1664287066.4103398,142956,1664287066,410105680,world,0.881170928478241,-1.5498021841049194,0.20897716283798218,0.1969659924507141,-0.0030271955765783787,0.14216147363185883,0.9700440764427185
1664287066.420291,142957,1664287066,420085159,world,0.8804455399513245,-1.5474121570587158,0.20687122642993927,0.19472365081310272,-0.013218366540968418,0.1304779052734375,0.972051203250885
1664287066.4303513,142958,1664287066,430085851,world,0.8796371221542358,-1.5452684164047241,0.20819100737571716,0.19238926470279694,-0.018654970452189445,0.12429621815681458,0.9732362627983093
1664287066.4404223,142959,1664287066,440103306,world,0.8788569569587708,-1.5438764095306396,0.21126052737236023,0.1825970560312271,-0.022731712087988853,0.12201661616563797,0.9753222465515137
1664287066.4404426,142960,1664287066,440218605,world,0.8782885670661926,-1.5425617694854736,0.2137281596660614,0.17678992450237274,-0.02094198204576969,0.1236712634563446,0.9762234687805176
1664287066.4502985,142961,1664287066,450083977,world,0.8774214386940002,-1.5420396327972412,0.2188517302274704,0.16261731088161469,-0.030394172295928,0.12885433435440063,0.9777670502662659
1664287066.4603083,142962,1664287066,460084221,world,0.8764627575874329,-1.540661096572876,0.22075510025024414,0.1644885540008545,-0.02542637661099434,0.13309776782989502,0.977027177810669
1664287066.4702976,142963,1664287066,470085314,world,0.8753955364227295,-1.5396842956542969,0.22524094581604004,0.15581996738910675,-0.03364057093858719,0.14016209542751312,0.9772118926048279
1664287066.4803255,142964,1664287066,480086059,world,0.874455451965332,-1.5388630628585815,0.22791193425655365,0.1557515412569046,-0.03557870164513588,0.1446336805820465,0.9765022993087769
1664287066.4903002,142965,1664287066,490089986,world,0.8736382126808167,-1.5384670495986938,0.2301037609577179,0.15455970168113708,-0.038148630410432816,0.1467370241880417,0.9762808680534363
1664287066.490453,142966,1664287066,490150914,world,0.8727937936782837,-1.5382306575775146,0.23187203705310822,0.15337498486042023,-0.04141942784190178,0.1476786732673645,0.9761924147605896
1664287066.5003085,142967,1664287066,500081654,world,0.8719725608825684,-1.5380911827087402,0.23306827247142792,0.15370507538318634,-0.04514782875776291,0.14822685718536377,0.9758920073509216
1664287066.510289,142968,1664287066,510083419,world,0.871160089969635,-1.5380430221557617,0.23375290632247925,0.15447834134101868,-0.04893626645207405,0.14836378395557404,0.9755664467811584
1664287066.5202885,142969,1664287066,520082270,world,0.8703654408454895,-1.538034200668335,0.23412495851516724,0.15616397559642792,-0.053181812167167664,0.14911222457885742,0.9749615788459778
1664287066.530286,142970,1664287066,530082531,world,0.869640052318573,-1.5381282567977905,0.23405984044075012,0.158427894115448,-0.05688048154115677,0.1493820697069168,0.9743461012840271
1664287066.5403242,142971,1664287066,540115656,world,0.8689449429512024,-1.5383025407791138,0.23381765186786652,0.1610831320285797,-0.060110241174697876,0.15007424354553223,0.9736102223396301
1664287066.5404804,142972,1664287066,540164903,world,0.868749737739563,-1.5391544103622437,0.2322886735200882,0.16588366031646729,-0.059567876160144806,0.14661072194576263,0.9733651280403137
1664287066.5503244,142973,1664287066,550105601,world,0.8682262897491455,-1.539470911026001,0.2315308004617691,0.1681346893310547,-0.06052553281188011,0.14737917482852936,0.9728036522865295
1664287066.5602992,142974,1664287066,560108738,world,0.8677601218223572,-1.5393604040145874,0.23209331929683685,0.16753169894218445,-0.06856677681207657,0.15210756659507751,0.9716455340385437
1664287066.5703244,142975,1664287066,570116181,world,0.8675238490104675,-1.5397902727127075,0.23141545057296753,0.16976983845233917,-0.06892521679401398,0.1520441770553589,0.9712415337562561
1664287066.58031,142976,1664287066,580107105,world,0.8675765991210938,-1.5403144359588623,0.23068776726722717,0.17181117832660675,-0.06936951726675034,0.1522514671087265,0.9708184599876404
1664287066.590314,142977,1664287066,590109444,world,0.8677704334259033,-1.5408923625946045,0.2300039678812027,0.1744917631149292,-0.06962896138429642,0.15178902447223663,0.9703940749168396
1664287066.5904691,142978,1664287066,590176012,world,0.8678393363952637,-1.5411970615386963,0.22975759208202362,0.18038149178028107,-0.06674321740865707,0.15088479220867157,0.9696605801582336
1664287066.6003273,142979,1664287066,600105516,world,0.8682577610015869,-1.5417453050613403,0.22929894924163818,0.1843307763338089,-0.06518175452947617,0.1504753679037094,0.9690876007080078
1664287066.610306,142980,1664287066,610108836,world,0.8688049912452698,-1.5423434972763062,0.22905920445919037,0.1880311220884323,-0.06308085471391678,0.15060527622699738,0.9684953093528748
1664287066.6203296,142981,1664287066,620106336,world,0.8690444827079773,-1.542930245399475,0.22899597883224487,0.20001588761806488,-0.058101996779441833,0.14787471294403076,0.9668251276016235
1664287066.6303072,142982,1664287066,630106692,world,0.8697173595428467,-1.5434908866882324,0.22878307104110718,0.20505116879940033,-0.05518214777112007,0.1474047154188156,0.9660128355026245
1664287066.6404037,142983,1664287066,640140427,world,0.8706544041633606,-1.5439741611480713,0.22886689007282257,0.20572568476200104,-0.05400931090116501,0.15107521414756775,0.9653685092926025
1664287066.640433,142984,1664287066,640175577,world,0.871301531791687,-1.5443803071975708,0.22864313423633575,0.20940209925174713,-0.05074654147028923,0.15056319534778595,0.9648349285125732
1664287066.6503658,142985,1664287066,650107082,world,0.8719518184661865,-1.545004963874817,0.22859400510787964,0.21374641358852386,-0.0478515662252903,0.15011100471019745,0.9641003012657166
1664287066.6603081,142986,1664287066,660108102,world,0.872625470161438,-1.5456427335739136,0.2285114973783493,0.21832092106342316,-0.04519806057214737,0.14962464570999146,0.9632786512374878
1664287066.6703193,142987,1664287066,670107951,world,0.8731849789619446,-1.5462223291397095,0.2284715473651886,0.22225625813007355,-0.04179944470524788,0.14896388351917267,0.9626343250274658
1664287066.680328,142988,1664287066,680105915,world,0.873262882232666,-1.546782374382019,0.22791355848312378,0.23226021230220795,-0.043589867651462555,0.1442135125398636,0.9609150290489197
1664287066.6903236,142989,1664287066,690109752,world,0.873441219329834,-1.5477571487426758,0.22747381031513214,0.24018840491771698,-0.03940565884113312,0.1387447565793991,0.9599514007568359
1664287066.690453,142990,1664287066,690170484,world,0.8738391399383545,-1.548345923423767,0.22748276591300964,0.24478256702423096,-0.03778061643242836,0.1386803835630417,0.9588649868965149
1664287066.700336,142991,1664287066,700104413,world,0.874070405960083,-1.5489686727523804,0.22733059525489807,0.2506396174430847,-0.03591582924127579,0.13730652630329132,0.95762038230896
1664287066.710333,142992,1664287066,710143036,world,0.8744887113571167,-1.5495169162750244,0.22743229568004608,0.2522440552711487,-0.035847343504428864,0.13849900662899017,0.9570297598838806
1664287066.7203486,142993,1664287066,720107087,world,0.8745306730270386,-1.550045132637024,0.22725260257720947,0.25719913840293884,-0.03396647796034813,0.13719502091407776,0.9559668302536011
1664287066.730313,142994,1664287066,730104840,world,0.874728262424469,-1.5505133867263794,0.22727008163928986,0.26055556535720825,-0.034337129443883896,0.13713572919368744,0.9550527334213257
1664287066.7403536,142995,1664287066,740108071,world,0.8748651146888733,-1.5509799718856812,0.22721800208091736,0.2625494599342346,-0.03450857102870941,0.1372567117214203,0.9544828534126282
1664287066.7405808,142996,1664287066,740169788,world,0.8749624490737915,-1.5514253377914429,0.22715650498867035,0.26435238122940063,-0.034847743809223175,0.13670744001865387,0.954051673412323
1664287066.7503202,142997,1664287066,750109674,world,0.875016450881958,-1.551760196685791,0.2269982546567917,0.2662994861602783,-0.0348319448530674,0.13665831089019775,0.9535176157951355
1664287066.760313,142998,1664287066,760110587,world,0.8750061988830566,-1.552116870880127,0.2268282175064087,0.2673167586326599,-0.035126280039548874,0.13647478818893433,0.9532484412193298
1664287066.770318,142999,1664287066,770108079,world,0.875009298324585,-1.552381157875061,0.22666697204113007,0.26807257533073425,-0.035295866429805756,0.13649702072143555,0.9530267715454102
1664287066.7803037,143000,1664287066,780108501,world,0.8751904964447021,-1.5525578260421753,0.22677750885486603,0.2674502730369568,-0.03702077642083168,0.13776351511478424,0.9529539346694946
1664287066.7903016,143001,1664287066,790109381,world,0.8750215768814087,-1.5527348518371582,0.22635962069034576,0.26929205656051636,-0.03579843416810036,0.13644267618656158,0.9526718854904175
1664287066.790449,143002,1664287066,790174792,world,0.8750476837158203,-1.552803874015808,0.2262597382068634,0.2694888710975647,-0.03587812930345535,0.13661645352840424,0.9525883793830872
1664287066.8003457,143003,1664287066,800117662,world,0.8750751614570618,-1.5528424978256226,0.2262285053730011,0.26968589425086975,-0.035812538117170334,0.13669545948505402,0.9525236487388611
1664287066.8103104,143004,1664287066,810112323,world,0.8750966787338257,-1.5528539419174194,0.22624287009239197,0.26965177059173584,-0.03578281030058861,0.1367616355419159,0.9525249600410461
1664287066.8203099,143005,1664287066,820106669,world,0.8751142621040344,-1.5528074502944946,0.2262742817401886,0.2695569396018982,-0.035568173974752426,0.13671889901161194,0.9525659680366516
1664287066.8303192,143006,1664287066,830106732,world,0.8751331567764282,-1.5527249574661255,0.22632800042629242,0.2695130407810211,-0.03530750796198845,0.13667041063308716,0.9525951147079468
1664287066.8403246,143007,1664287066,840109979,world,0.8751198053359985,-1.5525987148284912,0.22637292742729187,0.26922228932380676,-0.035137489438056946,0.1365509033203125,0.9527007341384888
1664287066.8404999,143008,1664287066,840190148,world,0.8750789165496826,-1.5524815320968628,0.22644516825675964,0.26879963278770447,-0.035155896097421646,0.13663984835147858,0.9528065919876099
1664287066.8503032,143009,1664287066,850105710,world,0.8750076293945312,-1.5523443222045898,0.2264937460422516,0.26841139793395996,-0.03535129129886627,0.13689890503883362,0.9528716206550598
1664287066.8603256,143010,1664287066,860107853,world,0.8749131560325623,-1.5522077083587646,0.22654518485069275,0.2679624855518341,-0.03557828813791275,0.13705354928970337,0.9529673457145691
1664287066.8703294,143011,1664287066,870107730,world,0.8748626708984375,-1.5520755052566528,0.2265993058681488,0.26743099093437195,-0.0360201932489872,0.13735610246658325,0.9530565142631531
1664287066.8803365,143012,1664287066,880108241,world,0.8749232888221741,-1.55195152759552,0.22696778178215027,0.26597270369529724,-0.0373951755464077,0.13824345171451569,0.9532831907272339
1664287066.890348,143013,1664287066,890107601,world,0.8748727440834045,-1.551868200302124,0.22703495621681213,0.2655358910560608,-0.03761608153581619,0.1384156197309494,0.9533712863922119
1664287066.8904738,143014,1664287066,890173748,world,0.8746833205223083,-1.5518072843551636,0.22677813470363617,0.2664368450641632,-0.03636234626173973,0.1374090015888214,0.9533143043518066
1664287066.9003325,143015,1664287066,900107915,world,0.8746877908706665,-1.5517361164093018,0.22677141427993774,0.2663307189941406,-0.03651132434606552,0.13755670189857483,0.9533169269561768
1664287066.9103174,143016,1664287066,910107782,world,0.8747196197509766,-1.5517362356185913,0.22674968838691711,0.2660263776779175,-0.03639315068721771,0.13752034306526184,0.9534115791320801
1664287066.9203115,143017,1664287066,920107497,world,0.8747706413269043,-1.551734447479248,0.22669239342212677,0.2661251723766327,-0.03621312603354454,0.13750086724758148,0.9533936977386475
1664287066.930323,143018,1664287066,930107144,world,0.8748155236244202,-1.5517717599868774,0.2266339659690857,0.26627227663993835,-0.03599100932478905,0.13744232058525085,0.9533695578575134
1664287066.9403381,143019,1664287066,940107914,world,0.8748971819877625,-1.5518686771392822,0.22654104232788086,0.2659754455089569,-0.03594639152288437,0.13724935054779053,0.9534817934036255
1664287066.9405153,143020,1664287066,940164981,world,0.8749306797981262,-1.5519232749938965,0.22650519013404846,0.26691460609436035,-0.035736676305532455,0.13739927113056183,0.9532056450843811
1664287066.9503357,143021,1664287066,950107734,world,0.8750023245811462,-1.5520484447479248,0.22642774879932404,0.26665225625038147,-0.0358985997736454,0.13728424906730652,0.9532895684242249
1664287066.960319,143022,1664287066,960110601,world,0.8749614953994751,-1.5521048307418823,0.22648590803146362,0.2674671411514282,-0.03554772958159447,0.13735274970531464,0.9530645608901978
1664287066.9702973,143023,1664287066,970107404,world,0.8749750256538391,-1.5521917343139648,0.22645118832588196,0.2677556574344635,-0.03555573895573616,0.137192964553833,0.9530062079429626
1664287066.9803436,143024,1664287066,980109249,world,0.8749707937240601,-1.5522496700286865,0.22645923495292664,0.26796185970306396,-0.03550634905695915,0.13715322315692902,0.9529558420181274
1664287066.9903307,143025,1664287066,990097252,world,0.8749600052833557,-1.5522750616073608,0.2264503687620163,0.2680627405643463,-0.03552237153053284,0.13715629279613495,0.9529264569282532
1664287066.9903994,143026,1664287066,990176592,world,0.8749420642852783,-1.5522608757019043,0.22645224630832672,0.2681056559085846,-0.035731688141822815,0.13723821938037872,0.9528946876525879
1664287067.000325,143027,1664287067,105684,world,0.8749181628227234,-1.5522211790084839,0.22648142278194427,0.26794230937957764,-0.03581482544541359,0.13732226192951202,0.9529255032539368
1664287067.0103123,143028,1664287067,10107822,world,0.8748902678489685,-1.5521469116210938,0.22653073072433472,0.26764485239982605,-0.03593678027391434,0.1374136209487915,0.9529911875724792
1664287067.0203714,143029,1664287067,20105109,world,0.8748726844787598,-1.552061915397644,0.22654776275157928,0.267459899187088,-0.03604564815759659,0.13752001523971558,0.9530237913131714
1664287067.030297,143030,1664287067,30106400,world,0.8748416900634766,-1.5519912242889404,0.22659364342689514,0.2670707702636719,-0.03627171739935875,0.13757070899009705,0.9531170129776001
1664287067.0402954,143031,1664287067,40106816,world,0.8747900128364563,-1.5519107580184937,0.2266644388437271,0.2667617201805115,-0.03622036427259445,0.13743765652179718,0.9532246589660645
1664287067.040444,143032,1664287067,40164289,world,0.8747897744178772,-1.5518503189086914,0.22667565941810608,0.2666427195072174,-0.03625613451004028,0.1374845951795578,0.9532498121261597
1664287067.0503128,143033,1664287067,50107022,world,0.8747762441635132,-1.5517956018447876,0.226709246635437,0.26644861698150635,-0.03619468957185745,0.1374877542257309,0.9533059597015381
1664287067.0603309,143034,1664287067,60109167,world,0.8747837543487549,-1.5517563819885254,0.22672253847122192,0.26661908626556396,-0.035961125046014786,0.13758710026741028,0.9532528519630432
1664287067.0703251,143035,1664287067,70107394,world,0.8748252391815186,-1.55177903175354,0.2266397774219513,0.2665306627750397,-0.03601201996207237,0.137490913271904,0.9532895088195801
1664287067.08033,143036,1664287067,80107920,world,0.8748254776000977,-1.5518122911453247,0.22662782669067383,0.2665756344795227,-0.03590480238199234,0.13737626373767853,0.9532974362373352
1664287067.0903132,143037,1664287067,90109890,world,0.874855637550354,-1.551866888999939,0.22658850252628326,0.2667577862739563,-0.035909365862607956,0.13743387162685394,0.9532380700111389
1664287067.0904732,143038,1664287067,90176293,world,0.8749009966850281,-1.5519275665283203,0.22653919458389282,0.2669551372528076,-0.03592664748430252,0.13755565881729126,0.9531645774841309
1664287067.1003106,143039,1664287067,100105598,world,0.8749146461486816,-1.5519906282424927,0.2265172153711319,0.26723238825798035,-0.03593794256448746,0.13747656345367432,0.9530978798866272
1664287067.110303,143040,1664287067,110108866,world,0.8749343752861023,-1.5520604848861694,0.22649633884429932,0.26737627387046814,-0.036014240235090256,0.137518510222435,0.9530486464500427
1664287067.1203153,143041,1664287067,120107323,world,0.8749457001686096,-1.5521061420440674,0.22647206485271454,0.26751482486724854,-0.035994790494441986,0.13745008409023285,0.9530202746391296
1664287067.1302974,143042,1664287067,130106261,world,0.8749472498893738,-1.5521504878997803,0.22647328674793243,0.2677071988582611,-0.03580740466713905,0.13731417059898376,0.9529929161071777
1664287067.1403432,143043,1664287067,140107652,world,0.8749339580535889,-1.5521681308746338,0.22649908065795898,0.2676329016685486,-0.035839006304740906,0.1373261958360672,0.9530108571052551
1664287067.1404767,143044,1664287067,140169552,world,0.8749200105667114,-1.5521575212478638,0.22649335861206055,0.2677982747554779,-0.035622868686914444,0.13719822466373444,0.9529910087585449
1664287067.1503294,143045,1664287067,150110469,world,0.8749498724937439,-1.5521302223205566,0.2264743149280548,0.26768627762794495,-0.03585163503885269,0.13746295869350433,0.9529756903648376
1664287067.160355,143046,1664287067,160110084,world,0.8749294281005859,-1.552089810371399,0.226470485329628,0.26768678426742554,-0.035793304443359375,0.13743148744106293,0.9529822468757629
1664287067.170319,143047,1664287067,170107385,world,0.8749211430549622,-1.5520405769348145,0.22649526596069336,0.26739823818206787,-0.0359855517745018,0.1375926285982132,0.9530328512191772
1664287067.1803458,143048,1664287067,180104702,world,0.8748964071273804,-1.5520029067993164,0.2265360951423645,0.26731497049331665,-0.03591374307870865,0.1375577747821808,0.9530638456344604
1664287067.1903415,143049,1664287067,190108922,world,0.8748815059661865,-1.5519719123840332,0.22654733061790466,0.26705560088157654,-0.03603186458349228,0.1375800222158432,0.9531289339065552
1664287067.1905015,143050,1664287067,190190292,world,0.8748602867126465,-1.5519518852233887,0.22657477855682373,0.26706981658935547,-0.03591318055987358,0.13745276629924774,0.9531478881835938
1664287067.2003236,143051,1664287067,200102947,world,0.875005841255188,-1.5519107580184937,0.22687281668186188,0.2658408284187317,-0.03719990700483322,0.13857372105121613,0.9532797336578369
1664287067.210323,143052,1664287067,210110414,world,0.8748850226402283,-1.5519362688064575,0.2265719473361969,0.26691773533821106,-0.036043643951416016,0.13766977190971375,0.9531541466712952
1664287067.220317,143053,1664287067,220108450,world,0.8748886585235596,-1.5519520044326782,0.2265496850013733,0.2670553922653198,-0.03597370535135269,0.13754820823669434,0.9531357884407043
1664287067.230308,143054,1664287067,230109343,world,0.8748931884765625,-1.5519707202911377,0.22654663026332855,0.2670748829841614,-0.03602614253759384,0.13753846287727356,0.953129768371582
1664287067.2403612,143055,1664287067,240136119,world,0.8749198913574219,-1.551993727684021,0.22652752697467804,0.26730218529701233,-0.03584447130560875,0.1375902146100998,0.9530653953552246
1664287067.2405214,143056,1664287067,240200229,world,0.8749346733093262,-1.5520310401916504,0.22649139165878296,0.2673385441303253,-0.03603462129831314,0.137595534324646,0.9530473351478577
1664287067.2503543,143057,1664287067,250104627,world,0.8749291896820068,-1.552059292793274,0.22648945450782776,0.26746848225593567,-0.035856448113918304,0.13752160966396332,0.9530282020568848
1664287067.2603586,143058,1664287067,260110952,world,0.8749426603317261,-1.5520758628845215,0.22646665573120117,0.2674962282180786,-0.03597887605428696,0.13754434883594513,0.9530125260353088
1664287067.2703643,143059,1664287067,270136661,world,0.8749352693557739,-1.5520925521850586,0.22648148238658905,0.26758232712745667,-0.03583342954516411,0.13741126656532288,0.9530130624771118
1664287067.2803533,143060,1664287067,280107115,world,0.8749350905418396,-1.55209219455719,0.2264939695596695,0.2676478326320648,-0.03566514700651169,0.13734132051467896,0.9530110359191895
1664287067.2903666,143061,1664287067,290109540,world,0.8749077916145325,-1.5520821809768677,0.22650915384292603,0.2675403952598572,-0.035778675228357315,0.13735029101371765,0.9530357122421265
1664287067.290401,143062,1664287067,290219888,world,0.8749313354492188,-1.5520621538162231,0.22650554776191711,0.2674996554851532,-0.03583233803510666,0.1374911069869995,0.9530248045921326
1664287067.300353,143063,1664287067,300112648,world,0.8749253749847412,-1.55204176902771,0.22650869190692902,0.267460435628891,-0.03583546727895737,0.13746070861816406,0.9530400037765503
1664287067.3103397,143064,1664287067,310108469,world,0.8749151825904846,-1.552022933959961,0.22651582956314087,0.26742520928382874,-0.03581900894641876,0.13743440806865692,0.9530544281005859
1664287067.3203335,143065,1664287067,320107800,world,0.8749141693115234,-1.5519992113113403,0.2265307605266571,0.2674354910850525,-0.035722121596336365,0.1374690979719162,0.9530501365661621
1664287067.3303375,143066,1664287067,330107756,world,0.8748947978019714,-1.5519877672195435,0.22653740644454956,0.2672978341579437,-0.035857681185007095,0.13747458159923553,0.953082799911499
1664287067.3403537,143067,1664287067,340110723,world,0.8748777508735657,-1.5519741773605347,0.2265581637620926,0.2672179639339447,-0.035899799317121506,0.13745780289173126,0.9531061053276062
1664287067.3405066,143068,1664287067,340173741,world,0.8748393058776855,-1.5519691705703735,0.22659511864185333,0.26716479659080505,-0.03587367385625839,0.13736996054649353,0.9531345963478088
1664287067.350328,143069,1664287067,350104532,world,0.8748704791069031,-1.551963448524475,0.2265769988298416,0.26701414585113525,-0.0361095666885376,0.13756592571735382,0.9531396627426147
1664287067.3603222,143070,1664287067,360108403,world,0.8748745918273926,-1.551964521408081,0.22658228874206543,0.2669917345046997,-0.036171093583106995,0.1376362293958664,0.9531334042549133
1664287067.3703213,143071,1664287067,370109596,world,0.8748739957809448,-1.5519728660583496,0.22657041251659393,0.2672251760959625,-0.03589119017124176,0.13753026723861694,0.953093945980072
1664287067.3803334,143072,1664287067,380108680,world,0.8748812079429626,-1.5519734621047974,0.22655163705348969,0.2673253118991852,-0.035901762545108795,0.1375025361776352,0.9530694484710693
1664287067.3903227,143073,1664287067,390109202,world,0.8749024271965027,-1.5519896745681763,0.22655442357063293,0.267377644777298,-0.03576191887259483,0.13753272593021393,0.9530556201934814
1664287067.3904216,143074,1664287067,390166988,world,0.8749077916145325,-1.5520094633102417,0.22651326656341553,0.2674175798892975,-0.03585139662027359,0.13745565712451935,0.9530521631240845
1664287067.4003465,143075,1664287067,400108661,world,0.8749209046363831,-1.552024245262146,0.22650112211704254,0.2674329876899719,-0.035833653062582016,0.1374480277299881,0.9530496001243591
1664287067.4103572,143076,1664287067,410111272,world,0.87493896484375,-1.5520336627960205,0.22647865116596222,0.26742228865623474,-0.0359758697450161,0.137593075633049,0.9530264139175415
1664287067.420337,143077,1664287067,420110218,world,0.8749258518218994,-1.552046537399292,0.22649699449539185,0.26761096715927124,-0.0356849804520607,0.13741180300712585,0.9530104994773865
1664287067.4303215,143078,1664287067,430110028,world,0.8748941421508789,-1.5520566701889038,0.22653502225875854,0.26747798919677734,-0.035808682441711426,0.13737322390079498,0.953048825263977
1664287067.4403548,143079,1664287067,440110705,world,0.8749106526374817,-1.552070140838623,0.226510152220726,0.26741066575050354,-0.035818424075841904,0.13735899329185486,0.9530693292617798
1664287067.4405353,143080,1664287067,440186243,world,0.8749118447303772,-1.5520466566085815,0.22651268541812897,0.2673310935497284,-0.036060310900211334,0.13753101229667664,0.9530577063560486
1664287067.4503548,143081,1664287067,450102491,world,0.8749078512191772,-1.55204176902771,0.22652223706245422,0.26744344830513,-0.03589176386594772,0.1374850869178772,0.9530392289161682
1664287067.4603324,143082,1664287067,460107992,world,0.8749198913574219,-1.5520282983779907,0.226509690284729,0.26736903190612793,-0.03600115701556206,0.1375851333141327,0.9530414938926697
1664287067.470295,143083,1664287067,470109634,world,0.874919056892395,-1.5520164966583252,0.226505309343338,0.2673664093017578,-0.03602774441242218,0.13755708932876587,0.9530453085899353
1664287067.4803312,143084,1664287067,480105119,world,0.8749253749847412,-1.5520124435424805,0.22650060057640076,0.2672872245311737,-0.035986609756946564,0.1375804990530014,0.9530656337738037
1664287067.4903228,143085,1664287067,490108617,world,0.874915599822998,-1.5519949197769165,0.22651398181915283,0.267416775226593,-0.03581349179148674,0.13750657439231873,0.9530465602874756
1664287067.4903827,143086,1664287067,490166168,world,0.874920666217804,-1.5519938468933105,0.22650447487831116,0.26729267835617065,-0.03598906844854355,0.1375555694103241,0.9530677199363708
1664287067.5003383,143087,1664287067,500105448,world,0.8748993277549744,-1.551988959312439,0.2265319973230362,0.2673789858818054,-0.035885728895664215,0.1374632716178894,0.9530606865882874
1664287067.51036,143088,1664287067,510112149,world,0.8748900890350342,-1.5520087480545044,0.2265312671661377,0.2673599123954773,-0.035823069512844086,0.13740073144435883,0.9530773758888245
1664287067.5203211,143089,1664287067,520106795,world,0.8748971223831177,-1.552011251449585,0.22653493285179138,0.2673710584640503,-0.03586556762456894,0.13746188580989838,0.9530638456344604
1664287067.5303345,143090,1664287067,530103976,world,0.8748853206634521,-1.5520203113555908,0.22653332352638245,0.26738110184669495,-0.035903751850128174,0.13741829991340637,0.9530658721923828
1664287067.5403903,143091,1664287067,540111669,world,0.874910831451416,-1.5520312786102295,0.226507306098938,0.26735347509384155,-0.03603684529662132,0.13753485679626465,0.953051745891571
1664287067.5404234,143092,1664287067,540153877,world,0.874917209148407,-1.5520380735397339,0.22649478912353516,0.26737913489341736,-0.03597664460539818,0.137505441904068,0.9530511498451233
1664287067.5503592,143093,1664287067,550106210,world,0.8749228715896606,-1.5520459413528442,0.2264855057001114,0.26734283566474915,-0.035996709018945694,0.13755734264850616,0.9530530571937561
1664287067.5603852,143094,1664287067,560107945,world,0.8749305605888367,-1.5520532131195068,0.2264874428510666,0.2676059305667877,-0.03566078469157219,0.1373898983001709,0.953015923500061
1664287067.57037,143095,1664287067,570105792,world,0.8749661445617676,-1.552085041999817,0.22643686830997467,0.26702767610549927,-0.03592730686068535,0.1373489946126938,0.9531740546226501
1664287067.5803175,143096,1664287067,580090778,world,0.8749300241470337,-1.5520418882369995,0.22647430002689362,0.267442911863327,-0.035921890288591385,0.13754723966121674,0.9530292749404907
1664287067.590374,143097,1664287067,590104490,world,0.8749086260795593,-1.5520350933074951,0.22649691998958588,0.26747363805770874,-0.03584357351064682,0.13744601607322693,0.9530381560325623
1664287067.5904386,143098,1664287067,590143378,world,0.8749118447303772,-1.5520321130752563,0.22650641202926636,0.26735514402389526,-0.036014292389154434,0.13750815391540527,0.9530560374259949
1664287067.600366,143099,1664287067,600106788,world,0.8748984932899475,-1.5520232915878296,0.22652976214885712,0.26741698384284973,-0.035916950553655624,0.13748125731945038,0.9530462622642517
1664287067.6103084,143100,1664287067,610091644,world,0.8748918771743774,-1.5520135164260864,0.226554274559021,0.2672976553440094,-0.035942744463682175,0.13753506541252136,0.9530709385871887
1664287067.620373,143101,1664287067,620107202,world,0.8748975992202759,-1.5520087480545044,0.2265426516532898,0.26718276739120483,-0.03606599569320679,0.13755537569522858,0.9530956149101257
1664287067.6303248,143102,1664287067,630107894,world,0.8748620748519897,-1.5520083904266357,0.2265750765800476,0.26727765798568726,-0.03588106483221054,0.13738931715488434,0.9530999064445496
1664287067.6404014,143103,1664287067,640140464,world,0.8748902678489685,-1.5519888401031494,0.22653302550315857,0.2673887014389038,-0.03588829189538956,0.13748475909233093,0.9530547857284546
1664287067.640425,143104,1664287067,640175118,world,0.8749085664749146,-1.551996111869812,0.22651608288288116,0.26725611090660095,-0.035994190722703934,0.13756568729877472,0.9530762434005737
1664287067.650321,143105,1664287067,650106788,world,0.8749017119407654,-1.551992416381836,0.22651296854019165,0.26743265986442566,-0.03584933280944824,0.13748513162136078,0.9530438184738159
1664287067.6603458,143106,1664287067,660107380,world,0.8748989701271057,-1.552000641822815,0.22653153538703918,0.26734575629234314,-0.03586482256650925,0.13751904666423798,0.9530626535415649
1664287067.6703215,143107,1664287067,670105949,world,0.8749065399169922,-1.552003026008606,0.22652217745780945,0.2674618363380432,-0.03585449978709221,0.13749969005584717,0.9530333280563354
1664287067.6803439,143108,1664287067,680106945,world,0.8749004602432251,-1.5520106554031372,0.2265351414680481,0.2671854496002197,-0.03603657707571983,0.13748595118522644,0.9531059265136719
1664287067.6903653,143109,1664287067,690103598,world,0.8748978972434998,-1.552017331123352,0.22654928267002106,0.2673359215259552,-0.035900551825761795,0.13747155666351318,0.9530710577964783
1664287067.6903913,143110,1664287067,690143080,world,0.8750589489936829,-1.5519899129867554,0.22681139409542084,0.2661939561367035,-0.03726111724972725,0.13858124613761902,0.9531776309013367
1664287067.700361,143111,1664287067,700098474,world,0.8748911619186401,-1.5520247220993042,0.22654470801353455,0.2673506438732147,-0.03589215874671936,0.13740822672843933,0.9530762434005737
1664287067.710328,143112,1664287067,710109602,world,0.8749187588691711,-1.5520304441452026,0.22650915384292603,0.2673164904117584,-0.03601149469614029,0.13754667341709137,0.9530613422393799
1664287067.7203794,143113,1664287067,720108794,world,0.8749175667762756,-1.5520374774932861,0.22649601101875305,0.26747626066207886,-0.03582043573260307,0.13742676377296448,0.9530410170555115
1664287067.7303565,143114,1664287067,730106291,world,0.8749159574508667,-1.5520316362380981,0.22649545967578888,0.2674863040447235,-0.035817962139844894,0.1374746859073639,0.9530314207077026
1664287067.7404072,143115,1664287067,740108934,world,0.8749219179153442,-1.5520296096801758,0.2264912873506546,0.2675256133079529,-0.03580518066883087,0.13745951652526855,0.9530231356620789
1664287067.7404513,143116,1664287067,740147945,world,0.874925434589386,-1.5520288944244385,0.2264859527349472,0.2673594057559967,-0.03596421703696251,0.1375650018453598,0.953048586845398
1664287067.750342,143117,1664287067,750103924,world,0.8749058246612549,-1.5520222187042236,0.22651353478431702,0.26757946610450745,-0.035692986100912094,0.13738150894641876,0.9530234336853027
1664287067.7603598,143118,1664287067,760108903,world,0.8749150037765503,-1.5520167350769043,0.2265070080757141,0.26734963059425354,-0.035997822880744934,0.13756144046783447,0.953050434589386
1664287067.7703354,143119,1664287067,770104917,world,0.8748946189880371,-1.552026391029358,0.22653675079345703,0.2674500346183777,-0.03571584075689316,0.13735906779766083,0.9530621767044067
1664287067.7803364,143120,1664287067,780105057,world,0.8748974204063416,-1.5520257949829102,0.22654108703136444,0.2673400938510895,-0.03587229549884796,0.13748234510421753,0.9530693292617798
1664287067.7903411,143121,1664287067,790108295,world,0.8749099969863892,-1.552024006843567,0.2265135645866394,0.26734569668769836,-0.03600592538714409,0.13749106228351593,0.9530614614486694
1664287067.7903602,143122,1664287067,790147090,world,0.8749241232872009,-1.552019476890564,0.22650325298309326,0.2673424184322357,-0.03602652996778488,0.13758717477321625,0.9530477523803711
1664287067.8003697,143123,1664287067,800108366,world,0.8749176263809204,-1.5520285367965698,0.22649908065795898,0.26747629046440125,-0.03580255061388016,0.1374649554491043,0.9530361890792847
1664287067.810374,143124,1664287067,810106607,world,0.87492835521698,-1.552029013633728,0.22648067772388458,0.2674233615398407,-0.03595338761806488,0.13752193748950958,0.9530371427536011
1664287067.820401,143125,1664287067,820108635,world,0.8749184608459473,-1.5520371198654175,0.2264883816242218,0.26749059557914734,-0.03578467667102814,0.1374809443950653,0.9530305862426758
1664287067.8303843,143126,1664287067,830111030,world,0.87491774559021,-1.552032709121704,0.22648051381111145,0.26758134365081787,-0.03574616089463234,0.13743533194065094,0.9530131220817566
1664287067.8404348,143127,1664287067,840109824,world,0.8749122619628906,-1.552049160003662,0.22650104761123657,0.26743084192276,-0.03584391996264458,0.1374860554933548,0.9530443549156189
1664287067.840461,143128,1664287067,840148807,world,0.8749241828918457,-1.5520352125167847,0.22648772597312927,0.26740968227386475,-0.03598158806562424,0.13756011426448822,0.9530344009399414
1664287067.850384,143129,1664287067,850104540,world,0.8749186396598816,-1.5520344972610474,0.2264997959136963,0.26736414432525635,-0.036004021763801575,0.13753193616867065,0.9530504941940308
1664287067.8603861,143130,1664287067,860108456,world,0.8749143481254578,-1.5520350933074951,0.22651824355125427,0.2674497067928314,-0.03585784509778023,0.13746558129787445,0.9530415534973145
1664287067.8703852,143131,1664287067,870104898,world,0.8749271631240845,-1.5520272254943848,0.22650755941867828,0.26735392212867737,-0.03601716831326485,0.13753962516784668,0.953051745891571
1664287067.880384,143132,1664287067,880109061,world,0.8749279975891113,-1.552020788192749,0.22651469707489014,0.26730048656463623,-0.036049045622348785,0.13760755956172943,0.953055739402771
1664287067.8903987,143133,1664287067,890087292,world,0.874919056892395,-1.5520206689834595,0.22650927305221558,0.26745709776878357,-0.03583347797393799,0.13746879994869232,0.9530399441719055
1664287067.8904285,143134,1664287067,890120310,world,0.8749301433563232,-1.5520232915878296,0.22649705410003662,0.2673339545726776,-0.036004263907670975,0.1375693827867508,0.9530535340309143
1664287067.900416,143135,1664287067,900123249,world,0.8749236464500427,-1.5520199537277222,0.22650189697742462,0.2673579156398773,-0.03597954660654068,0.13758781552314758,0.9530450105667114
1664287067.9103534,143136,1664287067,910076882,world,0.8749144673347473,-1.5520216226577759,0.22650037705898285,0.26735350489616394,-0.03595581278204918,0.1375581920146942,0.9530515074729919
1664287067.9203308,143137,1664287067,920076629,world,0.8749022483825684,-1.5520133972167969,0.2265160232782364,0.2673087418079376,-0.03605533391237259,0.1375836431980133,0.9530565142631531
1664287067.930355,143138,1664287067,930080095,world,0.8748983144760132,-1.5520116090774536,0.22653263807296753,0.2673405110836029,-0.03592734783887863,0.137550488114357,0.9530573487281799
1664287067.9403775,143139,1664287067,940114085,world,0.8748998641967773,-1.5520083904266357,0.22652101516723633,0.2672632336616516,-0.03603776544332504,0.13753929734230042,0.9530764222145081
1664287067.940402,143140,1664287067,940154314,world,0.8748961687088013,-1.5520068407058716,0.22654128074645996,0.26737698912620544,-0.03595905378460884,0.13752107322216034,0.9530501365661621
